crop_code,crop_name,gp,fold,origin,y_origin,origin_post_splice,target_gp,y_true_gp,y_true_gap_gp,snaive_gp,snaive_gap_gp,carry_gp,target_post_splice_gp,target_7,y_true_7,y_true_gap_7,snaive_7,snaive_gap_7,carry_7,target_post_splice_7,target_30,y_true_30,y_true_gap_30,snaive_30,snaive_gap_30,carry_30,target_post_splice_30,v13_crop_gated,v13_gp,v13_train_rows,v13_max_train_obs,v13_leak_ok,prophet_gp,prophet_7,prophet_30,prophet_train_rows,prophet_train_max_ds,prophet_leak_ok,prophet_seasonalities
VEG000015,Capsicum,75,1,2023-01-03,675.0,0,2023-03-19,280.0,2,210.0,1,675.0,0,2023-01-10,615.0,0,565.0,0,675.0,0,2023-02-02,550.0,0,500.0,0,675.0,0,1,362.5802001953125,22616,2022-11-11,1,656.5939515041796,669.3138096242075,627.4277541546319,1674,2023-01-02,1,weekly|yearly
VEG000015,Capsicum,75,1,2023-01-10,615.0,0,2023-03-26,260.0,2,180.0,1,615.0,0,2023-01-17,705.0,0,450.0,4,615.0,0,2023-02-09,400.0,0,585.0,0,615.0,0,1,391.4111328125,22688,2022-11-18,1,661.0124634178604,662.6904981398008,627.3458221634344,1678,2023-01-09,1,weekly|yearly
VEG000015,Capsicum,75,1,2023-01-17,705.0,0,2023-04-02,265.0,2,165.0,1,705.0,0,2023-01-24,625.0,0,375.0,0,705.0,0,2023-02-16,425.0,0,525.0,1,705.0,0,1,336.39947509765625,22758,2022-11-25,1,662.9898931031098,632.5105260801274,623.0848654495072,1682,2023-01-16,1,weekly|yearly
VEG000015,Capsicum,75,1,2023-01-24,625.0,0,2023-04-09,300.0,3,210.0,1,625.0,0,2023-01-31,650.0,0,475.0,0,625.0,0,2023-02-23,405.0,0,425.0,0,625.0,0,1,395.3487854003906,22831,2022-12-02,1,670.4003339018368,598.3062113176802,677.2554289873348,1687,2023-01-23,1,weekly|yearly
VEG000015,Capsicum,75,1,2023-01-31,650.0,0,2023-04-16,460.0,5,300.0,4,650.0,0,2023-02-07,450.0,0,475.0,4,650.0,0,2023-03-02,365.0,0,260.0,0,650.0,0,1,335.1435241699219,22903,2022-12-09,1,667.6047166566348,570.4523804665563,624.2900985049666,1692,2023-01-30,1,weekly|yearly
VEG000015,Capsicum,75,1,2023-02-07,450.0,0,2023-04-23,260.0,2,195.0,1,450.0,0,2023-02-14,415.0,0,500.0,0,450.0,0,2023-03-09,240.0,0,250.0,0,450.0,0,1,352.2308044433594,22973,2022-12-16,1,639.8165069755008,552.2262385609532,630.1232112290345,1697,2023-02-06,1,weekly|yearly
VEG000015,Capsicum,75,1,2023-02-14,415.0,0,2023-04-30,250.0,2,235.0,1,415.0,0,2023-02-21,415.0,0,475.0,0,415.0,0,2023-03-16,265.0,0,205.0,0,415.0,0,1,366.090576171875,23041,2022-12-23,1,593.5999701907931,542.2371428858863,627.9219666610973,1702,2023-02-13,1,weekly|yearly
VEG000015,Capsicum,75,1,2023-02-21,415.0,0,2023-05-07,275.0,3,210.0,2,415.0,0,2023-02-28,360.0,0,275.0,0,415.0,0,2023-03-23,260.0,0,195.0,0,415.0,0,1,374.0113220214844,23113,2022-12-30,1,555.3587142502718,534.0369815145983,638.7368278395605,1707,2023-02-20,1,weekly|yearly
VEG000015,Capsicum,75,1,2023-02-28,360.0,0,2023-05-14,300.0,2,375.0,1,360.0,0,2023-03-07,300.0,0,250.0,0,360.0,0,2023-03-30,255.0,0,170.0,0,360.0,0,1,424.45257568359375,23182,2023-01-05,1,534.8783281500042,524.6202494698132,661.4563052331694,1712,2023-02-27,1,weekly|yearly
VEG000015,Capsicum,75,1,2023-03-07,300.0,0,2023-05-21,340.0,2,410.0,1,300.0,0,2023-03-14,225.0,0,225.0,0,300.0,0,2023-04-06,300.0,0,200.0,0,300.0,0,1,403.44384765625,23250,2023-01-12,1,519.4917300098941,528.6882896001101,675.0486974652412,1716,2023-03-03,1,weekly|yearly
VEG000015,Capsicum,75,1,2023-03-14,225.0,0,2023-05-28,425.0,2,490.0,1,225.0,0,2023-03-21,215.0,0,200.0,0,225.0,0,2023-04-13,460.0,2,300.0,1,225.0,0,1,345.9759826660156,23315,2023-01-20,1,505.2931308249162,505.64398071777975,690.9204776174104,1721,2023-03-13,1,weekly|yearly
VEG000015,Capsicum,75,1,2023-03-21,215.0,0,2023-06-04,425.0,2,390.0,1,215.0,0,2023-03-28,240.0,0,135.0,0,215.0,0,2023-04-20,315.0,0,125.0,0,215.0,0,1,366.6511535644531,23385,2023-01-27,1,495.4483484771274,499.8423373026876,687.8291117546507,1726,2023-03-20,1,weekly|yearly
VEG000015,Capsicum,75,1,2023-03-28,240.0,0,2023-06-11,315.0,2,340.0,1,240.0,0,2023-04-04,275.0,0,190.0,0,240.0,0,2023-04-27,260.0,0,170.0,0,240.0,0,1,342.62237548828125,23456,2023-02-03,1,478.0835027064002,492.509529074861,668.084035327268,1731,2023-03-27,1,weekly|yearly
VEG000015,Capsicum,75,1,2023-04-04,275.0,0,2023-06-18,275.0,2,300.0,1,275.0,0,2023-04-11,460.0,0,210.0,3,275.0,0,2023-05-04,275.0,0,325.0,0,275.0,0,1,358.3736572265625,23529,2023-02-10,1,536.4031599468564,495.73566638952013,665.5478014176393,1736,2023-04-03,1,weekly|yearly
VEG000015,Capsicum,75,1,2023-04-11,460.0,0,2023-06-25,255.0,2,305.0,1,460.0,0,2023-04-18,415.0,0,290.0,0,460.0,0,2023-05-11,295.0,0,375.0,2,460.0,0,1,470.4590759277344,23603,2023-02-17,1,471.84992409241534,513.0744638247878,667.8983160622338,1739,2023-04-10,1,weekly|yearly
VEG000015,Capsicum,75,1,2023-04-18,415.0,0,2023-07-02,275.0,2,425.0,1,415.0,0,2023-04-25,270.0,0,205.0,0,415.0,0,2023-05-18,415.0,0,375.0,0,415.0,0,1,476.5683898925781,24045,2023-02-24,1,477.79819808883207,544.5745027458232,681.4853120339462,1741,2023-04-17,1,weekly|yearly
VEG000015,Capsicum,75,1,2023-04-25,270.0,0,2023-07-09,325.0,2,450.0,2,270.0,0,2023-05-02,275.0,0,235.0,3,270.0,0,2023-05-25,400.0,0,480.0,0,270.0,0,1,361.89794921875,24123,2023-03-03,1,479.2567811430589,570.3145273721117,687.9702095132293,1746,2023-04-24,1,weekly|yearly
VEG000015,Capsicum,75,1,2023-05-02,275.0,0,2023-07-16,375.0,0,475.0,1,275.0,0,2023-05-09,325.0,0,375.0,0,275.0,0,2023-06-01,425.0,0,425.0,0,275.0,0,1,398.4314575195313,24197,2023-03-10,1,493.36233846618177,585.0105751756366,684.7724330414314,1750,2023-04-28,1,weekly|yearly
VEG000015,Capsicum,75,1,2023-05-09,325.0,0,2023-07-23,310.0,0,525.0,1,325.0,0,2023-05-16,325.0,0,375.0,3,325.0,0,2023-06-08,365.0,0,365.0,0,325.0,0,1,370.2364196777344,24275,2023-03-17,1,518.6066982575317,579.4248907599621,665.6050338210209,1754,2023-05-08,1,weekly|yearly
VEG000015,Capsicum,75,1,2023-05-16,325.0,0,2023-07-30,290.0,0,525.0,1,325.0,0,2023-05-23,375.0,0,475.0,0,325.0,0,2023-06-15,300.0,0,270.0,2,325.0,0,1,428.9681701660156,24350,2023-03-24,1,546.9928929239948,570.8583983291009,651.7479943981677,1759,2023-05-15,1,weekly|yearly
VEG000015,Capsicum,75,1,2023-05-23,375.0,0,2023-08-06,300.0,0,550.0,1,375.0,0,2023-05-30,425.0,0,465.0,0,375.0,0,2023-06-22,270.0,0,375.0,0,375.0,0,1,429.72515869140625,24427,2023-03-31,1,561.9715765712247,568.5753886874976,624.201395081811,1764,2023-05-22,1,weekly|yearly
VEG000015,Capsicum,75,1,2023-05-30,425.0,0,2023-08-13,185.0,0,575.0,1,425.0,0,2023-06-06,405.0,0,375.0,0,425.0,0,2023-06-29,310.0,1,355.0,0,425.0,0,1,450.2676086425781,24500,2023-04-06,1,564.6516796656236,577.5469563202558,607.2335525097008,1769,2023-05-29,1,weekly|yearly
VEG000015,Capsicum,75,1,2023-06-06,405.0,0,2023-08-20,160.0,0,625.0,1,405.0,0,2023-06-13,305.0,0,270.0,0,405.0,0,2023-07-06,325.0,0,425.0,0,405.0,0,1,455.6638793945313,24565,2023-04-11,1,556.8696479354338,585.1188773930073,590.1189772392254,1774,2023-06-05,1,weekly|yearly
VEG000015,Capsicum,75,1,2023-06-13,305.0,0,2023-08-27,200.0,0,575.0,1,305.0,0,2023-06-20,245.0,0,295.0,0,305.0,0,2023-07-13,315.0,0,575.0,1,305.0,0,1,425.2302856445313,24627,2023-04-21,1,548.8522073127903,584.3336544349615,578.3964932939083,1779,2023-06-12,1,weekly|yearly
VEG000015,Capsicum,75,1,2023-06-20,245.0,0,2023-09-03,175.0,0,445.0,1,245.0,0,2023-06-27,295.0,0,365.0,0,245.0,0,2023-07-20,305.0,0,525.0,0,245.0,0,1,426.0721435546875,24691,2023-04-28,1,550.4773608982158,571.4897086302682,567.4593144995065,1784,2023-06-19,1,weekly|yearly
VEG000015,Capsicum,75,1,2023-06-27,295.0,0,2023-09-10,185.0,0,525.0,1,295.0,0,2023-07-04,340.0,0,440.0,0,295.0,0,2023-07-27,315.0,0,515.0,0,295.0,0,1,411.39208984375,24759,2023-05-04,1,556.1108875876097,549.3656460562429,554.875286899874,1789,2023-06-26,1,weekly|yearly
VEG000015,Capsicum,75,1,2023-07-04,340.0,0,2023-09-17,240.0,0,615.0,1,340.0,0,2023-07-11,325.0,0,475.0,0,340.0,0,2023-08-03,305.0,0,475.0,0,340.0,0,1,332.021484375,24832,2023-05-12,1,562.9244946082167,528.3511773649055,548.965941433043,1792,2023-06-30,1,weekly|yearly
VEG000015,Capsicum,75,1,2023-07-11,325.0,0,2023-09-24,210.0,0,525.0,1,325.0,0,2023-07-18,315.0,0,490.0,0,325.0,0,2023-08-10,225.0,0,525.0,0,325.0,0,1,401.3911437988281,24901,2023-05-19,1,550.0309688382106,505.5318886885801,543.0341792433319,1797,2023-07-10,1,weekly|yearly
VEG000015,Capsicum,75,1,2023-07-18,315.0,0,2023-10-01,255.0,0,525.0,1,315.0,0,2023-07-25,290.0,0,525.0,0,315.0,0,2023-08-17,175.0,0,625.0,0,315.0,0,1,391.9230346679687,24976,2023-05-26,1,520.8056423285424,477.80958968941343,429.4032852306066,1804,2023-07-17,1,weekly|yearly
VEG000015,Capsicum,75,1,2023-07-25,290.0,0,2023-10-08,235.0,0,600.0,1,290.0,0,2023-08-01,290.0,1,425.0,0,290.0,0,2023-08-24,165.0,0,620.0,0,290.0,0,1,404.1441345214844,25051,2023-06-02,1,493.5813163548409,456.3003016846612,389.3238107675968,1811,2023-07-24,1,weekly|yearly
VEG000015,Capsicum,75,1,2023-08-02,325.0,0,2023-10-16,215.0,0,450.0,2,325.0,0,2023-08-09,225.0,0,550.0,0,325.0,0,2023-09-01,190.0,0,475.0,0,325.0,0,1,349.6250305175781,25138,2023-06-12,1,463.8093105641605,437.6268143223353,493.5119997762056,1817,2023-07-31,1,weekly|yearly
VEG000015,Capsicum,75,1,2023-08-09,225.0,0,2023-10-23,315.0,0,575.0,2,225.0,0,2023-08-16,180.0,0,610.0,0,225.0,0,2023-09-08,170.0,0,550.0,0,225.0,0,1,350.36846923828125,25217,2023-06-19,1,441.6644566489529,429.31621802382506,500.8644726527115,1824,2023-08-08,1,weekly|yearly
VEG000015,Capsicum,75,1,2023-08-16,180.0,0,2023-10-30,525.0,0,590.0,2,180.0,0,2023-08-23,175.0,0,575.0,0,180.0,0,2023-09-15,225.0,0,550.0,0,180.0,0,1,335.5650329589844,25296,2023-06-26,1,412.89363650279034,412.0436195016736,498.3678125281839,1831,2023-08-15,1,weekly|yearly
VEG000015,Capsicum,75,1,2023-08-23,175.0,0,2023-11-06,475.0,0,625.0,2,175.0,0,2023-08-30,165.0,1,475.0,0,175.0,0,2023-09-22,175.0,0,525.0,0,175.0,0,1,340.03497314453125,25366,2023-06-30,1,390.5026114702738,396.0701541340133,500.06148966546823,1838,2023-08-22,1,weekly|yearly
VEG000015,Capsicum,75,1,2023-08-31,165.0,0,2023-11-14,590.0,0,675.0,0,165.0,0,2023-09-07,180.0,0,525.0,0,165.0,0,2023-09-30,215.0,4,525.0,0,165.0,0,1,352.2611389160156,25453,2023-07-11,1,384.1223620135156,229.5018228933266,513.6580526970655,1845,2023-08-29,1,weekly|yearly
VEG000015,Capsicum,75,1,2023-09-07,180.0,0,2023-11-21,565.0,0,625.0,0,180.0,0,2023-09-14,225.0,0,575.0,0,180.0,0,2023-10-07,205.0,0,600.0,0,180.0,0,1,330.3293762207031,25529,2023-07-18,1,369.0522183973823,235.4136553801087,509.8288466023819,1852,2023-09-06,1,weekly|yearly
VEG000015,Capsicum,75,1,2023-09-14,225.0,0,2023-11-28,600.0,0,715.0,0,225.0,0,2023-09-21,155.0,0,600.0,0,225.0,0,2023-10-14,275.0,0,450.0,0,225.0,0,1,336.9939880371094,25617,2023-07-25,1,360.4287154269504,249.19788785803104,502.21422040046775,1859,2023-09-13,1,weekly|yearly
VEG000015,Capsicum,75,1,2023-09-21,155.0,0,2023-12-05,575.0,0,615.0,0,155.0,0,2023-09-28,215.0,2,550.0,0,155.0,0,2023-10-21,330.0,0,575.0,0,155.0,0,1,365.4148559570313,25708,2023-07-31,1,354.01779477689405,267.12441192565797,486.3072184681715,1866,2023-09-20,1,weekly|yearly
VEG000015,Capsicum,75,1,2023-10-01,255.0,0,2023-12-15,425.0,0,575.0,0,255.0,0,2023-10-08,235.0,0,600.0,1,255.0,0,2023-10-31,490.0,0,640.0,0,255.0,0,1,331.1242370605469,25844,2023-08-11,1,261.8940690280625,422.51770132119447,493.8943096268923,1872,2023-09-26,1,weekly|yearly
VEG000015,Capsicum,75,1,2023-10-08,235.0,0,2023-12-22,425.0,0,550.0,0,235.0,0,2023-10-15,265.0,0,450.0,1,235.0,0,2023-11-07,475.0,0,625.0,3,235.0,0,1,332.8334655761719,25938,2023-08-18,1,272.6302486879292,428.25223134599867,475.10117402262887,1879,2023-10-07,1,weekly|yearly
VEG000015,Capsicum,75,1,2023-10-15,265.0,0,2023-12-29,615.0,0,675.0,0,265.0,0,2023-10-22,330.0,0,575.0,1,265.0,0,2023-11-14,590.0,0,675.0,0,265.0,0,1,328.1203308105469,26041,2023-08-25,1,283.95354865519573,432.6372039113878,460.74758667635,1886,2023-10-14,1,weekly|yearly
VEG000015,Capsicum,75,1,2023-10-22,330.0,0,2024-01-05,500.0,0,675.0,0,330.0,0,2023-10-29,415.0,0,590.0,1,330.0,0,2023-11-21,565.0,0,625.0,0,330.0,0,1,331.882568359375,26141,2023-09-01,1,298.15056195021947,429.7766644270116,444.189246977856,1893,2023-10-21,1,weekly|yearly
VEG000015,Capsicum,75,1,2023-10-29,415.0,0,2024-01-12,625.0,0,675.0,0,415.0,0,2023-11-05,475.0,0,625.0,1,415.0,0,2023-11-28,600.0,0,715.0,0,415.0,0,1,380.0584106445313,26245,2023-09-08,1,317.7743736316604,422.782890725594,424.98137251957417,1899,2023-10-27,1,weekly|yearly
VEG000015,Capsicum,75,1,2023-11-05,475.0,0,2024-01-19,850.0,0,710.0,0,475.0,0,2023-11-12,505.0,0,700.0,1,475.0,0,2023-12-05,575.0,0,615.0,0,475.0,0,1,348.03131103515625,26346,2023-09-15,1,348.70227519112905,420.22078206616544,394.98298456160944,1906,2023-11-04,1,weekly|yearly
VEG000015,Capsicum,75,1,2023-11-12,505.0,0,2024-01-26,750.0,0,630.0,0,505.0,0,2023-11-19,565.0,0,675.0,1,505.0,0,2023-12-12,425.0,0,525.0,0,505.0,0,1,236.6469268798828,26451,2023-09-22,1,367.166594822772,400.8371172057448,390.2407938793213,1913,2023-11-11,1,weekly|yearly
VEG000015,Capsicum,75,1,2023-11-19,565.0,0,2024-02-02,900.0,0,550.0,0,565.0,0,2023-11-26,585.0,1,705.0,1,565.0,0,2023-12-19,375.0,0,640.0,0,565.0,0,1,391.88873291015625,26546,2023-09-26,1,383.585699888848,423.39809134455186,392.052854320092,1920,2023-11-18,1,weekly|yearly
VEG000015,Capsicum,75,1,2023-11-27,575.0,0,2024-02-10,775.0,0,475.0,0,575.0,0,2023-12-04,575.0,0,675.0,2,575.0,0,2023-12-27,475.0,0,575.0,0,575.0,0,1,422.614501953125,26658,2023-10-07,1,434.662679226574,445.1861350526466,315.5413525287079,1927,2023-11-25,1,weekly|yearly
VEG000015,Capsicum,75,1,2023-12-04,575.0,0,2024-02-17,650.0,0,425.0,0,575.0,0,2023-12-11,440.0,0,600.0,2,575.0,0,2024-01-03,585.0,0,675.0,0,575.0,0,1,404.6788330078125,26752,2023-10-14,1,449.141064706776,440.3875994678709,287.1630437782115,1932,2023-12-03,1,weekly|yearly
VEG000015,Capsicum,75,1,2023-12-11,440.0,0,2024-02-24,550.0,0,405.0,0,440.0,0,2023-12-18,375.0,0,575.0,2,440.0,0,2024-01-10,625.0,0,615.0,0,440.0,0,1,324.07275390625,26858,2023-10-21,1,407.95543496427786,415.7847152400862,252.27062889121112,1939,2023-12-10,1,weekly|yearly
VEG000015,Capsicum,75,1,2023-12-18,375.0,0,2024-03-02,275.0,0,355.0,0,375.0,0,2023-12-25,525.0,0,550.0,2,375.0,0,2024-01-17,815.0,0,705.0,0,375.0,0,1,274.6246643066406,26954,2023-10-27,1,445.1991765564157,405.5494097985929,211.41465744314016,1946,2023-12-17,1,weekly|yearly
VEG000015,Capsicum,75,1,2023-12-25,525.0,0,2024-03-09,350.0,0,260.0,0,525.0,0,2024-01-01,550.0,0,690.0,2,525.0,0,2024-01-24,800.0,0,625.0,0,525.0,0,1,312.0575256347656,27062,2023-11-04,1,383.560578447683,394.07231427231306,186.7523568115464,1953,2023-12-24,1,weekly|yearly
VEG000015,Capsicum,75,1,2024-01-01,550.0,0,2024-03-16,425.0,0,280.0,0,550.0,0,2024-01-08,650.0,0,675.0,3,550.0,0,2024-01-31,950.0,0,650.0,0,550.0,0,1,244.67938232421875,27166,2023-11-11,1,370.57075300236806,385.4727805468323,181.25726197045097,1959,2023-12-31,1,weekly|yearly
VEG000015,Capsicum,75,1,2024-01-08,650.0,0,2024-03-23,400.0,0,260.0,0,650.0,0,2024-01-15,700.0,0,675.0,3,650.0,0,2024-02-07,925.0,0,450.0,0,650.0,0,1,249.2472686767578,27637,2023-11-18,1,413.3581749355879,365.51503622013576,181.2089428894543,1966,2024-01-07,1,weekly|yearly
VEG000015,Capsicum,75,1,2024-01-15,700.0,0,2024-03-30,250.0,0,265.0,0,700.0,0,2024-01-22,800.0,0,700.0,2,700.0,0,2024-02-14,725.0,0,415.0,0,700.0,0,1,281.99658203125,27747,2023-11-25,1,406.69762631444945,339.9043830796393,178.18057639076022,1973,2024-01-14,1,weekly|yearly
VEG000015,Capsicum,75,1,2024-01-22,800.0,0,2024-04-06,325.0,0,300.0,1,800.0,0,2024-01-29,975.0,0,625.0,2,800.0,0,2024-02-21,525.0,0,415.0,0,800.0,0,1,302.487548828125,27850,2023-12-02,1,419.2949497787928,319.7241718460271,216.5465518699064,1980,2024-01-21,1,weekly|yearly
VEG000015,Capsicum,75,1,2024-01-29,975.0,0,2024-04-13,350.0,2,460.0,3,975.0,0,2024-02-05,950.0,0,625.0,2,975.0,0,2024-02-28,350.0,0,360.0,0,975.0,0,1,365.0119934082031,27960,2023-12-09,1,418.7871230126861,294.58401791846927,246.57219316367485,1986,2024-01-28,1,weekly|yearly
VEG000015,Capsicum,75,1,2024-02-05,950.0,0,2024-04-20,275.0,0,260.0,0,950.0,0,2024-02-12,750.0,0,475.0,2,950.0,0,2024-03-06,350.0,0,300.0,0,950.0,0,1,371.2993469238281,28061,2023-12-16,1,427.2041936035107,295.58078168306923,266.6433780462461,1993,2024-02-04,1,weekly|yearly
VEG000015,Capsicum,75,1,2024-02-12,750.0,0,2024-04-27,175.0,0,250.0,0,750.0,0,2024-02-19,550.0,0,425.0,2,750.0,0,2024-03-13,475.0,0,225.0,0,750.0,0,1,330.1344909667969,28169,2023-12-23,1,408.05728755187147,308.18719681484765,282.56098652005153,2000,2024-02-11,1,weekly|yearly
VEG000015,Capsicum,75,1,2024-02-19,550.0,0,2024-05-04,155.0,0,275.0,1,550.0,0,2024-02-26,400.0,0,405.0,2,550.0,0,2024-03-20,415.0,0,215.0,0,550.0,0,1,343.8906555175781,28278,2023-12-30,1,371.4725537576986,311.6320250452399,298.64893308990776,2007,2024-02-18,1,weekly|yearly
VEG000015,Capsicum,75,1,2024-02-26,400.0,0,2024-05-11,150.0,0,300.0,0,400.0,0,2024-03-04,300.0,0,355.0,2,400.0,0,2024-03-27,300.0,0,240.0,0,400.0,0,1,326.65435791015625,28390,2024-01-06,1,350.12745800317896,317.76282508831,332.853185615146,2013,2024-02-25,1,weekly|yearly
VEG000015,Capsicum,75,1,2024-03-04,300.0,0,2024-05-18,135.0,0,340.0,0,300.0,0,2024-03-11,400.0,0,260.0,2,300.0,0,2024-04-03,250.0,0,275.0,0,300.0,0,1,306.9992370605469,28498,2024-01-13,1,330.0984804603672,319.5486066899266,365.5410904532229,2019,2024-03-03,1,weekly|yearly
VEG000015,Capsicum,75,1,2024-03-11,400.0,0,2024-05-25,180.0,0,425.0,0,400.0,0,2024-03-18,475.0,0,280.0,2,400.0,0,2024-04-10,340.0,0,460.0,0,400.0,0,1,344.1612854003906,28605,2024-01-20,1,323.62470913779,362.4105044805408,394.9855223474944,2026,2024-03-10,1,weekly|yearly
VEG000015,Capsicum,75,2,2024-03-15,450.0,0,2024-05-29,225.0,0,425.0,0,450.0,0,2024-03-22,475.0,0,260.0,0,450.0,0,2024-04-14,350.0,3,460.0,4,450.0,0,1,376.4441223144531,28668,2024-01-24,1,325.88915202255305,305.71216574450256,423.44611947246545,2030,2024-03-14,1,weekly|yearly
VEG000015,Capsicum,75,2,2024-03-22,475.0,0,2024-06-05,405.0,0,405.0,0,475.0,0,2024-03-29,300.0,0,255.0,0,475.0,0,2024-04-21,240.0,0,260.0,1,475.0,0,1,392.1533508300781,28780,2024-01-31,1,329.5642863340267,310.29177250009695,426.5678185109467,2037,2024-03-21,1,weekly|yearly
VEG000015,Capsicum,75,2,2024-03-29,300.0,0,2024-06-12,440.0,0,305.0,0,300.0,0,2024-04-05,275.0,0,300.0,0,300.0,0,2024-04-28,185.0,0,250.0,1,300.0,0,1,375.7994689941406,28895,2024-02-07,1,341.97098319274255,310.62394384758056,412.03411197755855,2043,2024-03-28,1,weekly|yearly
VEG000015,Capsicum,75,2,2024-04-05,275.0,0,2024-06-19,515.0,0,245.0,0,275.0,0,2024-04-12,350.0,1,460.0,2,275.0,0,2024-05-05,145.0,0,275.0,2,275.0,0,1,342.98944091796875,29007,2024-02-14,1,398.53276674579394,319.0155027658044,404.6767241480277,2050,2024-04-04,1,weekly|yearly
VEG000015,Capsicum,75,2,2024-04-16,280.0,0,2024-06-30,625.0,0,275.0,1,280.0,0,2024-04-23,180.0,1,275.0,0,280.0,0,2024-05-16,140.0,0,350.0,0,280.0,0,1,278.3728942871094,29553,2024-02-25,1,332.0536561100617,379.3015993042041,412.47508362065594,2057,2024-04-11,1,weekly|yearly
VEG000015,Capsicum,75,2,2024-04-24,175.0,0,2024-07-08,675.0,0,325.0,2,175.0,0,2024-05-01,175.0,0,275.0,0,175.0,0,2024-05-24,175.0,2,400.0,0,175.0,0,1,248.43251037597656,29687,2024-03-04,1,328.1062880382123,412.02417687398696,442.84577974054775,2064,2024-04-22,1,weekly|yearly
VEG000015,Capsicum,75,2,2024-05-01,175.0,0,2024-07-15,675.0,0,375.0,0,175.0,0,2024-05-08,160.0,0,325.0,0,175.0,0,2024-05-31,325.0,0,425.0,0,175.0,0,1,308.9680480957031,29802,2024-03-11,1,327.80600582165675,416.5773091315966,428.29777687292807,2071,2024-04-30,1,weekly|yearly
VEG000015,Capsicum,75,2,2024-05-08,160.0,0,2024-07-22,750.0,0,310.0,0,160.0,0,2024-05-15,140.0,0,325.0,0,160.0,0,2024-06-07,515.0,0,365.0,0,160.0,0,1,311.4429626464844,29921,2024-03-18,1,347.76428509797023,395.71398641946706,401.9110163269994,2077,2024-05-07,1,weekly|yearly
VEG000015,Capsicum,75,2,2024-05-15,140.0,0,2024-07-29,850.0,0,290.0,0,140.0,0,2024-05-22,175.0,0,375.0,0,140.0,0,2024-06-14,425.0,0,300.0,0,140.0,0,1,316.9096984863281,30038,2024-03-25,1,375.61773149041903,373.4190929995789,375.1038510203739,2084,2024-05-14,1,weekly|yearly
VEG000015,Capsicum,75,2,2024-05-22,175.0,0,2024-08-05,800.0,0,300.0,0,175.0,0,2024-05-29,225.0,0,425.0,0,175.0,0,2024-06-21,550.0,1,270.0,0,175.0,0,1,323.63128662109375,30162,2024-04-01,1,387.5521109582413,365.8101961951176,348.64358696062243,2091,2024-05-21,1,weekly|yearly
VEG000015,Capsicum,75,2,2024-05-29,225.0,0,2024-08-12,600.0,0,185.0,0,225.0,0,2024-06-05,405.0,0,405.0,0,225.0,0,2024-06-28,625.0,0,310.0,1,225.0,0,1,244.9452209472656,30277,2024-04-08,1,371.0767993972551,365.6218000354717,312.0863944092678,2096,2024-05-28,1,weekly|yearly
VEG000015,Capsicum,75,2,2024-06-05,405.0,0,2024-08-19,375.0,1,160.0,0,405.0,0,2024-06-12,440.0,0,305.0,0,405.0,0,2024-07-05,625.0,0,325.0,0,405.0,0,1,247.32302856445312,30389,2024-04-11,1,365.4826395832767,386.06194806243406,300.16933652346194,2103,2024-06-04,1,weekly|yearly
VEG000015,Capsicum,75,2,2024-06-12,440.0,0,2024-08-26,375.0,0,200.0,0,440.0,0,2024-06-19,515.0,0,245.0,0,440.0,0,2024-07-12,625.0,0,315.0,0,440.0,0,1,268.62628173828125,30499,2024-04-22,1,370.84118526598513,395.0205719620989,294.8378451054392,2110,2024-06-11,1,weekly|yearly
VEG000015,Capsicum,75,2,2024-06-19,515.0,0,2024-09-02,415.0,0,175.0,0,515.0,0,2024-06-26,600.0,0,295.0,0,515.0,0,2024-07-19,695.0,0,305.0,0,515.0,0,1,240.76416015625,30604,2024-04-29,1,384.8996875229119,390.3427453309058,299.3635705908325,2117,2024-06-18,1,weekly|yearly
VEG000015,Capsicum,75,2,2024-06-26,600.0,0,2024-09-09,375.0,0,185.0,0,600.0,0,2024-07-03,625.0,0,340.0,0,600.0,0,2024-07-26,825.0,0,315.0,0,600.0,0,1,461.5472717285156,30720,2024-05-06,1,408.0281662365553,382.5262065728192,315.7294963230719,2123,2024-06-25,1,weekly|yearly
VEG000015,Capsicum,75,2,2024-07-03,625.0,0,2024-09-16,375.0,0,240.0,0,625.0,0,2024-07-10,625.0,0,325.0,0,625.0,0,2024-08-02,825.0,0,305.0,0,625.0,0,1,408.248779296875,30829,2024-05-13,1,422.1916768601184,371.6097340956315,329.6015493553137,2130,2024-07-02,1,weekly|yearly
VEG000015,Capsicum,75,2,2024-07-10,625.0,0,2024-09-23,425.0,0,210.0,0,625.0,0,2024-07-17,650.0,0,315.0,0,625.0,0,2024-08-09,600.0,0,225.0,0,625.0,0,1,360.0096130371094,30947,2024-05-20,1,426.180434511763,363.45493694931054,345.37971796404065,2137,2024-07-09,1,weekly|yearly
VEG000015,Capsicum,75,2,2024-07-17,650.0,0,2024-09-30,325.0,0,255.0,0,650.0,0,2024-07-24,775.0,0,290.0,0,650.0,0,2024-08-16,375.0,0,175.0,0,650.0,0,1,419.0528259277344,31059,2024-05-27,1,420.62812584256494,352.0564656244246,360.2584800573694,2144,2024-07-16,1,weekly|yearly
VEG000015,Capsicum,75,2,2024-07-24,775.0,0,2024-10-07,425.0,0,235.0,0,775.0,0,2024-07-31,875.0,0,290.0,1,775.0,0,2024-08-23,415.0,0,165.0,0,775.0,0,1,576.6726684570312,31171,2024-06-03,1,418.4713744602463,351.214574071372,388.7861002272597,2150,2024-07-23,1,weekly|yearly
VEG000015,Capsicum,75,2,2024-07-31,875.0,0,2024-10-14,450.0,0,265.0,0,875.0,0,2024-08-07,700.0,0,225.0,0,875.0,0,2024-08-30,415.0,0,165.0,0,875.0,0,1,483.3149719238281,31280,2024-06-10,1,434.77957316053914,379.64851129098895,446.91278924661736,2157,2024-07-30,1,weekly|yearly
VEG000015,Capsicum,75,2,2024-08-07,700.0,0,2024-10-21,500.0,0,330.0,0,700.0,0,2024-08-14,525.0,0,175.0,0,700.0,0,2024-09-06,395.0,0,180.0,0,700.0,0,1,454.81976318359375,31399,2024-06-17,1,427.47887595412834,400.6068869902797,484.9698335790942,2164,2024-08-06,1,weekly|yearly
VEG000015,Capsicum,75,2,2024-08-14,525.0,0,2024-10-28,450.0,0,415.0,0,525.0,0,2024-08-21,440.0,0,160.0,0,525.0,0,2024-09-13,350.0,0,225.0,0,525.0,0,1,377.8489685058594,31519,2024-06-24,1,424.3471541739071,433.2142476903564,538.1194626603473,2171,2024-08-13,1,weekly|yearly
VEG000015,Capsicum,75,2,2024-08-21,440.0,0,2024-11-04,425.0,0,475.0,0,440.0,0,2024-08-28,415.0,0,165.0,0,440.0,0,2024-09-20,375.0,0,155.0,0,440.0,0,1,282.76654052734375,31641,2024-07-01,1,416.1200573262083,441.6337385984672,570.9751408742226,2177,2024-08-20,1,weekly|yearly
VEG000015,Capsicum,75,2,2024-08-28,415.0,0,2024-11-11,425.0,0,505.0,0,415.0,0,2024-09-04,400.0,0,180.0,0,415.0,0,2024-09-27,310.0,0,215.0,2,415.0,0,1,324.9461669921875,31755,2024-07-08,1,435.6045350003798,455.1543977656165,615.5962145124495,2184,2024-08-27,1,weekly|yearly
VEG000015,Capsicum,75,2,2024-09-04,400.0,0,2024-11-18,450.0,0,565.0,0,400.0,0,2024-09-11,405.0,0,200.0,0,400.0,0,2024-10-04,415.0,0,190.0,0,400.0,0,1,381.67425537109375,31878,2024-07-15,1,449.6827962580776,466.47912370518026,638.6386791948199,2191,2024-09-03,1,weekly|yearly
VEG000015,Capsicum,75,2,2024-09-11,405.0,0,2024-11-25,450.0,0,585.0,1,405.0,0,2024-09-18,350.0,0,260.0,0,405.0,0,2024-10-11,425.0,0,235.0,0,405.0,0,1,431.3064575195313,31996,2024-07-22,1,463.3311596483763,495.71594745169807,656.6458891041468,2198,2024-09-10,1,weekly|yearly
VEG000015,Capsicum,75,2,2024-09-18,350.0,0,2024-12-02,525.0,0,625.0,0,350.0,0,2024-09-25,325.0,0,215.0,0,350.0,0,2024-10-18,415.0,0,325.0,0,350.0,0,1,488.4186401367187,32119,2024-07-29,1,457.3972551912224,512.3961843591343,643.3807573655787,2204,2024-09-16,1,weekly|yearly
VEG000015,Capsicum,75,2,2024-09-25,325.0,0,2024-12-09,725.0,0,450.0,0,325.0,0,2024-10-02,325.0,0,210.0,0,325.0,0,2024-10-25,500.0,0,380.0,0,325.0,0,1,432.6138916015625,32236,2024-08-05,1,469.19370734625426,542.6302261508636,649.6711756770278,2209,2024-09-24,1,weekly|yearly
VEG000015,Capsicum,75,2,2024-10-02,325.0,0,2024-12-16,715.0,0,425.0,0,325.0,0,2024-10-09,390.0,0,245.0,0,325.0,0,2024-11-01,415.0,0,510.0,0,325.0,0,1,503.181884765625,32360,2024-08-12,1,476.9565354740552,561.2085440361352,640.4515790683665,2216,2024-10-01,1,weekly|yearly
VEG000015,Capsicum,75,2,2024-10-09,390.0,0,2024-12-23,675.0,0,525.0,0,390.0,0,2024-10-16,440.0,0,325.0,0,390.0,0,2024-11-08,440.0,0,485.0,0,390.0,0,1,639.7096557617188,32478,2024-08-18,1,504.13917681205663,592.5328574769966,637.2616173682926,2223,2024-10-08,1,weekly|yearly
VEG000015,Capsicum,75,2,2024-10-16,440.0,0,2024-12-30,625.0,0,500.0,0,440.0,0,2024-10-23,515.0,0,325.0,0,440.0,0,2024-11-15,450.0,2,575.0,0,440.0,0,1,633.0388793945312,32602,2024-08-26,1,529.2905625965292,618.4733535871753,668.1532008388244,2230,2024-10-15,1,weekly|yearly
VEG000015,Capsicum,75,2,2024-10-23,515.0,0,2025-01-06,450.0,0,600.0,0,515.0,0,2024-10-30,450.0,1,490.0,0,515.0,0,2024-11-22,490.0,0,575.0,0,515.0,0,1,708.302734375,32725,2024-09-02,1,558.8063087472188,635.2784903253746,650.0589468280305,2236,2024-10-22,1,weekly|yearly
VEG000015,Capsicum,75,2,2024-11-01,415.0,0,2025-01-15,450.0,0,715.0,0,415.0,0,2024-11-08,440.0,0,485.0,0,415.0,0,2024-12-01,615.0,0,575.0,0,415.0,0,1,619.0546875,32881,2024-09-11,1,586.5877430584092,609.8327950781461,656.4647024087715,2243,2024-10-29,1,weekly|yearly
VEG000015,Capsicum,75,2,2024-11-08,440.0,0,2025-01-22,725.0,0,775.0,0,440.0,0,2024-11-15,450.0,2,575.0,0,440.0,0,2024-12-08,725.0,0,475.0,0,440.0,0,1,563.4639282226562,33000,2024-09-18,1,617.9763935515174,619.3547783349244,684.7421663760047,2250,2024-11-07,1,weekly|yearly
VEG000015,Capsicum,75,2,2024-11-16,475.0,0,2025-01-30,990.0,0,950.0,0,475.0,0,2024-11-23,465.0,0,525.0,0,475.0,0,2024-12-16,715.0,0,425.0,0,475.0,0,1,583.7123413085938,33134,2024-09-26,1,611.7870524285863,629.3288559090545,685.8613737777998,2256,2024-11-13,1,weekly|yearly
VEG000015,Capsicum,75,2,2024-11-23,465.0,0,2025-02-06,950.0,0,925.0,0,465.0,0,2024-11-30,600.0,0,585.0,0,465.0,0,2024-12-23,675.0,0,525.0,0,465.0,0,1,516.54443359375,33248,2024-10-03,1,603.3673753713451,615.5650136891103,662.3732366008542,2263,2024-11-22,1,weekly|yearly
VEG000015,Capsicum,75,2,2024-11-30,600.0,0,2025-02-13,975.0,0,725.0,0,600.0,0,2024-12-07,675.0,0,475.0,0,600.0,0,2024-12-30,625.0,0,500.0,0,600.0,0,1,544.5284423828125,33365,2024-10-10,1,598.2910950480883,642.3338760201735,605.2475084173548,2270,2024-11-29,1,weekly|yearly
VEG000015,Capsicum,75,2,2024-12-07,675.0,0,2025-02-20,900.0,0,525.0,0,675.0,0,2024-12-14,625.0,1,425.0,0,675.0,0,2025-01-06,450.0,0,600.0,0,675.0,0,1,609.1697998046875,33480,2024-10-16,1,595.7326926590567,626.4633851695771,542.4840932903282,2277,2024-12-06,1,weekly|yearly
VEG000015,Capsicum,75,2,2024-12-15,675.0,0,2025-02-28,575.0,0,375.0,0,675.0,0,2024-12-22,625.0,0,415.0,0,675.0,0,2025-01-14,475.0,0,700.0,0,675.0,0,1,506.3160095214844,33622,2024-10-25,1,605.9107132559071,670.9801976227536,486.0474914285346,2284,2024-12-13,1,weekly|yearly
VEG000015,Capsicum,75,2,2024-12-22,625.0,0,2025-03-07,450.0,0,325.0,0,625.0,0,2024-12-29,600.0,0,550.0,0,625.0,0,2025-01-21,700.0,0,800.0,0,625.0,0,1,370.05413818359375,33732,2024-11-01,1,634.149936772544,660.4852639457708,467.159073020628,2291,2024-12-21,1,weekly|yearly
VEG000015,Capsicum,75,2,2024-12-29,600.0,0,2025-03-14,475.0,0,525.0,0,600.0,0,2025-01-05,400.0,0,600.0,0,600.0,0,2025-01-28,925.0,0,975.0,0,600.0,0,1,325.9303894042969,33849,2024-11-08,1,628.126118089564,682.8335066809295,464.8418202193256,2298,2024-12-28,1,weekly|yearly
VEG000015,Capsicum,75,2,2025-01-05,400.0,0,2025-03-21,550.0,0,460.0,0,400.0,0,2025-01-12,450.0,0,625.0,0,400.0,0,2025-02-04,900.0,0,950.0,0,400.0,0,1,212.24302673339844,33952,2024-11-13,1,643.2818013671913,676.1953185960788,460.9468799219446,2305,2025-01-04,1,weekly|yearly
VEG000015,Capsicum,75,2,2025-01-12,450.0,0,2025-03-28,475.0,0,275.0,0,450.0,0,2025-01-19,500.0,0,700.0,0,450.0,0,2025-02-11,1075.0,0,750.0,0,450.0,0,1,217.4959259033203,34073,2024-11-22,1,624.4805910847617,617.0370604163096,436.5262086900788,2312,2025-01-11,1,weekly|yearly
VEG000015,Capsicum,75,2,2025-01-19,500.0,0,2025-04-04,725.0,0,250.0,0,500.0,0,2025-01-26,800.0,0,1000.0,0,500.0,0,2025-02-18,975.0,0,550.0,0,500.0,0,1,213.32716369628903,34187,2024-11-29,1,642.940352150981,546.6111502150826,409.9100224858436,2318,2025-01-18,1,weekly|yearly
VEG000015,Capsicum,75,2,2025-01-26,800.0,0,2025-04-11,700.0,0,350.0,0,800.0,0,2025-02-02,925.0,0,950.0,0,800.0,0,2025-02-25,900.0,0,400.0,0,800.0,0,1,267.9571533203125,34307,2024-12-06,1,652.5895311672306,488.69293726112267,500.7469036858658,2325,2025-01-25,1,weekly|yearly
VEG000015,Capsicum,75,2,2025-02-02,925.0,0,2025-04-18,750.0,0,325.0,0,925.0,0,2025-02-09,1075.0,0,775.0,0,925.0,0,2025-03-04,525.0,0,300.0,0,925.0,0,1,243.4825897216797,34425,2024-12-13,1,637.532778541548,473.3683749837133,445.7083133048243,2332,2025-02-01,1,weekly|yearly
VEG000015,Capsicum,75,2,2025-02-09,1075.0,0,2025-04-25,575.0,0,185.0,0,1075.0,0,2025-02-16,950.0,0,650.0,0,1075.0,0,2025-03-11,525.0,0,400.0,0,1075.0,0,1,195.84654235839844,34537,2024-12-20,1,581.7337028450614,479.7213118748348,445.4355481231919,2339,2025-02-08,1,weekly|yearly
VEG000015,Capsicum,75,2,2025-02-16,950.0,0,2025-05-02,700.0,0,175.0,1,950.0,0,2025-02-23,850.0,0,550.0,0,950.0,0,2025-03-18,525.0,0,475.0,0,950.0,0,1,258.6221923828125,34656,2024-12-27,1,531.51088897504,494.9847251400226,456.1433127946208,2345,2025-02-15,1,weekly|yearly
VEG000015,Capsicum,75,2,2025-02-23,850.0,0,2025-05-09,825.0,1,145.0,0,850.0,1,2025-03-02,650.0,0,275.0,0,850.0,0,2025-03-25,525.0,0,350.0,0,850.0,0,1,273.7257080078125,34774,2025-01-03,1,508.3984369775905,504.2463181162674,483.57648759023334,2351,2025-02-22,1,weekly|yearly
VEG000015,Capsicum,75,2,2025-03-02,650.0,0,2025-05-16,750.0,0,140.0,0,650.0,1,2025-03-09,525.0,0,350.0,0,650.0,0,2025-04-01,550.0,0,265.0,0,650.0,0,1,300.1028137207031,34890,2025-01-10,1,504.3543804651651,474.053929209647,529.1766138007215,2358,2025-03-01,1,weekly|yearly
VEG000015,Capsicum,75,2,2025-03-09,525.0,0,2025-05-23,725.0,0,175.0,1,525.0,1,2025-03-16,525.0,0,425.0,0,525.0,0,2025-04-08,650.0,0,350.0,0,525.0,0,1,282.2543029785156,35013,2025-01-17,1,494.38848414401355,516.3084681302549,563.6615556721192,2365,2025-03-08,1,weekly|yearly
VEG000015,Capsicum,75,2,2025-03-16,525.0,0,2025-05-30,685.0,0,215.0,0,525.0,1,2025-03-23,600.0,0,400.0,0,525.0,0,2025-04-15,750.0,3,350.0,4,525.0,0,1,351.3987121582031,35133,2025-01-24,1,493.5413657353849,506.1102853944351,592.46256327249,2371,2025-03-15,1,weekly|yearly
VEG000015,Capsicum,75,2,2025-03-23,600.0,0,2025-06-06,650.0,0,420.0,0,600.0,1,2025-03-30,550.0,0,250.0,0,600.0,0,2025-04-22,475.0,0,180.0,0,600.0,0,1,475.03509521484375,35252,2025-01-31,1,471.7510947607626,501.3752982204947,617.3503353434749,2378,2025-03-22,1,weekly|yearly
VEG000015,Capsicum,75,3,2025-03-30,550.0,0,2025-06-13,610.0,0,425.0,0,550.0,1,2025-04-06,650.0,0,325.0,0,550.0,0,2025-04-29,550.0,0,170.0,0,550.0,0,1,474.1112365722656,35373,2025-02-07,1,513.992531652609,495.21195576484183,632.2630204144792,2385,2025-03-29,1,weekly|yearly
VEG000015,Capsicum,75,3,2025-04-06,650.0,0,2025-06-20,445.0,0,550.0,0,650.0,1,2025-04-13,750.0,1,350.0,2,650.0,0,2025-05-06,650.0,1,120.0,0,650.0,1,1,462.1930847167969,35495,2025-02-14,1,503.3190173557217,495.35388930980815,641.9925671207005,2392,2025-04-05,1,weekly|yearly
VEG000015,Capsicum,75,3,2025-04-16,825.0,0,2025-06-30,565.0,0,625.0,0,825.0,1,2025-04-23,575.0,0,180.0,1,825.0,0,2025-05-16,750.0,0,140.0,0,825.0,1,1,563.0673217773438,35666,2025-02-24,1,504.89511422180186,540.7770762089051,682.4503462744191,2399,2025-04-12,1,weekly|yearly
VEG000015,Capsicum,75,3,2025-04-23,575.0,0,2025-07-07,475.0,0,640.0,0,575.0,1,2025-04-30,550.0,1,180.0,0,575.0,0,2025-05-23,725.0,0,175.0,1,575.0,1,1,525.8399047851562,35785,2025-03-03,1,505.80256299830864,592.5963392312644,707.640496883486,2406,2025-04-22,1,weekly|yearly
VEG000015,Capsicum,75,3,2025-05-01,650.0,0,2025-07-15,465.0,0,675.0,0,650.0,1,2025-05-08,825.0,0,160.0,0,650.0,1,2025-05-31,550.0,0,325.0,0,650.0,1,1,401.7303161621094,35920,2025-03-11,1,513.1283183030715,616.3420368925272,715.4212676588949,2413,2025-04-29,1,weekly|yearly
VEG000015,Capsicum,75,3,2025-05-08,825.0,1,2025-07-22,450.0,0,750.0,0,825.0,1,2025-05-15,825.0,0,140.0,0,825.0,1,2025-06-07,675.0,0,515.0,0,825.0,1,1,490.038818359375,36039,2025-03-18,1,563.1842102149212,645.3772654548962,737.2853764348403,2419,2025-05-07,1,weekly|yearly
VEG000015,Capsicum,75,3,2025-05-15,825.0,1,2025-07-29,375.0,0,850.0,0,825.0,1,2025-05-22,675.0,0,175.0,0,825.0,1,2025-06-14,665.0,0,425.0,0,825.0,1,1,448.5520324707031,36161,2025-03-25,1,604.2449806433156,655.2120326207078,733.677827082339,2421,2025-05-14,1,weekly|yearly
VEG000015,Capsicum,75,3,2025-05-22,675.0,1,2025-08-05,305.0,0,800.0,0,675.0,1,2025-05-29,735.0,0,225.0,0,675.0,1,2025-06-21,375.0,0,550.0,1,675.0,1,1,529.998046875,36280,2025-04-01,1,645.077986600213,675.2438355172956,719.1044654657517,2428,2025-05-21,1,weekly|yearly
VEG000015,Capsicum,75,3,2025-05-29,735.0,1,2025-08-12,215.0,0,600.0,0,735.0,1,2025-06-05,710.0,0,405.0,0,735.0,1,2025-06-28,415.0,0,625.0,0,735.0,1,1,445.3680419921875,36400,2025-04-08,1,662.0932450021236,693.7248777419129,684.1195497469031,2434,2025-05-28,1,weekly|yearly
VEG000015,Capsicum,75,3,2025-06-05,710.0,1,2025-08-19,265.0,0,375.0,1,710.0,1,2025-06-12,695.0,0,440.0,0,710.0,1,2025-07-05,375.0,0,625.0,0,710.0,1,1,396.4278869628906,36515,2025-05-07,1,672.3039813906627,709.3357119645013,651.5805635292166,2441,2025-06-04,1,weekly|yearly
VEG000015,Capsicum,75,3,2025-06-12,695.0,1,2025-08-26,250.0,0,375.0,0,695.0,1,2025-06-19,445.0,0,515.0,0,695.0,1,2025-07-12,410.0,0,625.0,0,695.0,1,1,355.8050842285156,36634,2025-05-14,1,684.9862928483949,720.9726308056421,635.3223793690332,2446,2025-06-09,1,weekly|yearly
VEG000015,Capsicum,75,3,2025-06-19,445.0,1,2025-09-02,200.0,0,415.0,0,445.0,1,2025-06-26,315.0,0,600.0,0,445.0,1,2025-07-19,445.0,0,695.0,0,445.0,1,1,300.1947326660156,36747,2025-05-21,1,691.3151447771743,723.4711115857237,628.720223843643,2453,2025-06-18,1,weekly|yearly
VEG000015,Capsicum,75,3,2025-06-26,315.0,1,2025-09-09,240.0,0,375.0,0,315.0,1,2025-07-03,425.0,0,625.0,0,315.0,1,2025-07-26,435.0,0,825.0,0,315.0,1,1,275.02001953125,36860,2025-05-28,1,693.819028257118,711.0460841865855,625.5831816770685,2460,2025-06-25,1,weekly|yearly
VEG000015,Capsicum,75,3,2025-07-03,425.0,1,2025-09-16,225.0,0,375.0,0,425.0,1,2025-07-10,465.0,1,625.0,0,425.0,1,2025-08-02,425.0,0,825.0,0,425.0,1,1,388.6316833496094,36960,2025-06-04,1,697.7398641456833,681.7464375721522,617.1616073137711,2467,2025-07-02,1,weekly|yearly
VEG000015,Capsicum,75,3,2025-07-11,475.0,1,2025-09-24,245.0,0,375.0,0,475.0,1,2025-07-18,400.0,0,705.0,0,475.0,1,2025-08-10,290.0,0,650.0,0,475.0,1,1,345.1124267578125,37083,2025-06-12,1,697.6770361207514,633.934168841777,605.5112523400644,2474,2025-07-09,1,weekly|yearly
VEG000015,Capsicum,75,3,2025-07-18,400.0,1,2025-10-01,240.0,0,365.0,0,400.0,1,2025-07-25,465.0,0,775.0,0,400.0,1,2025-08-17,290.0,0,375.0,0,400.0,1,1,373.8516540527344,37180,2025-06-19,1,683.3633956047171,583.8407037699044,596.3171732421761,2481,2025-07-17,1,weekly|yearly
VEG000015,Capsicum,75,3,2025-07-25,465.0,1,2025-10-08,345.0,0,415.0,0,465.0,1,2025-08-01,425.0,0,850.0,0,465.0,1,2025-08-24,275.0,0,450.0,0,465.0,1,1,440.8967895507813,37290,2025-06-26,1,663.9103325183756,556.6814212840085,608.8975769340072,2488,2025-07-24,1,weekly|yearly
VEG000015,Capsicum,75,3,2025-08-01,425.0,1,2025-10-15,325.0,0,415.0,0,425.0,1,2025-08-08,300.0,1,675.0,0,425.0,1,2025-08-31,225.0,0,400.0,0,425.0,1,1,484.1065673828125,37396,2025-07-03,1,622.4095509956785,539.5924536889293,622.7178507592406,2495,2025-07-31,1,weekly|yearly
VEG000015,Capsicum,75,3,2025-08-09,315.0,1,2025-10-23,325.0,0,515.0,0,315.0,1,2025-08-16,290.0,0,375.0,0,315.0,1,2025-09-08,225.0,0,325.0,0,315.0,1,1,450.0032348632813,37530,2025-07-11,1,564.6529020870507,559.1944518708003,649.153108147795,2502,2025-08-07,1,weekly|yearly
VEG000015,Capsicum,75,3,2025-08-16,290.0,1,2025-10-30,425.0,1,450.0,1,290.0,1,2025-08-23,290.0,0,415.0,0,290.0,1,2025-09-15,215.0,0,350.0,0,290.0,1,1,400.41204833984375,37632,2025-07-18,1,518.8788022459141,547.2124493327054,653.4312409848983,2509,2025-08-15,1,weekly|yearly
VEG000015,Capsicum,75,3,2025-08-23,290.0,1,2025-11-06,575.0,0,465.0,0,290.0,1,2025-08-30,225.0,0,415.0,0,290.0,1,2025-09-22,245.0,0,375.0,2,290.0,1,1,403.000732421875,37750,2025-07-25,1,507.17347161584735,540.2115914008941,669.3390688520926,2516,2025-08-22,1,weekly|yearly
VEG000015,Capsicum,75,3,2025-08-30,225.0,1,2025-11-13,550.0,0,450.0,0,225.0,1,2025-09-06,225.0,0,395.0,0,225.0,1,2025-09-29,190.0,0,305.0,0,225.0,1,1,390.2751159667969,37857,2025-08-01,1,504.9925992009334,531.6408280835294,678.4977197191745,2523,2025-08-29,1,weekly|yearly
VEG000015,Capsicum,75,3,2025-09-06,225.0,1,2025-11-20,575.0,0,460.0,0,225.0,1,2025-09-13,245.0,0,350.0,0,225.0,1,2025-10-06,275.0,1,375.0,0,225.0,1,1,409.0838623046875,37978,2025-08-07,1,500.04092939202854,533.9988573771881,681.4198346131215,2530,2025-09-05,1,weekly|yearly
VEG000015,Capsicum,75,3,2025-09-13,245.0,1,2025-11-27,650.0,0,440.0,0,245.0,1,2025-09-20,265.0,0,375.0,0,245.0,1,2025-10-13,325.0,0,420.0,0,245.0,1,1,510.2042541503906,38097,2025-08-15,1,491.3466442563399,548.8199792700777,681.3606310397381,2536,2025-09-12,1,weekly|yearly
VEG000015,Capsicum,75,3,2025-09-20,265.0,1,2025-12-04,650.0,1,575.0,0,265.0,1,2025-09-27,210.0,0,310.0,0,265.0,1,2025-10-20,220.0,0,465.0,0,265.0,1,1,437.9449157714844,38214,2025-08-22,1,478.6406868785249,563.6022208413544,679.6439838126031,2543,2025-09-19,1,weekly|yearly
VEG000015,Capsicum,75,3,2025-09-27,210.0,1,2025-12-11,850.0,0,650.0,0,210.0,1,2025-10-04,310.0,0,415.0,0,210.0,1,2025-10-27,375.0,0,485.0,0,210.0,1,1,469.73394775390625,38330,2025-08-29,1,482.28833582923767,578.0774320200354,668.7548043843054,2550,2025-09-26,1,weekly|yearly
VEG000015,Capsicum,75,3,2025-10-04,310.0,1,2025-12-18,1150.0,0,650.0,0,310.0,1,2025-10-11,265.0,0,425.0,0,310.0,1,2025-11-03,575.0,0,450.0,0,310.0,1,1,437.3377380371094,38450,2025-09-05,1,495.90018465625934,590.6295976969282,620.9230776021589,2557,2025-10-03,1,weekly|yearly
VEG000015,Capsicum,75,3,2025-10-11,265.0,1,2025-12-25,1400.0,0,625.0,0,265.0,1,2025-10-18,375.0,0,415.0,0,265.0,1,2025-11-10,510.0,0,500.0,0,265.0,1,1,472.5628051757813,38572,2025-09-12,1,519.15635117457,607.7513412491286,644.3361344795652,2563,2025-10-10,1,weekly|yearly
VEG000015,Capsicum,75,3,2025-10-18,375.0,1,2026-01-01,1200.0,0,475.0,0,375.0,1,2025-10-25,375.0,0,500.0,0,375.0,1,2025-11-17,625.0,0,415.0,0,375.0,1,1,435.3334655761719,38693,2025-09-19,1,533.5746879971451,618.1065105432035,595.5010446089547,2570,2025-10-17,1,weekly|yearly
VEG000015,Capsicum,75,3,2025-10-25,375.0,1,2026-01-08,650.0,0,425.0,0,375.0,1,2025-11-01,425.0,3,415.0,0,375.0,1,2025-11-24,675.0,0,450.0,0,375.0,1,1,353.22918701171875,38812,2025-09-26,1,548.7894030663693,623.600698249205,593.2742643740526,2577,2025-10-24,1,weekly|yearly
VEG000015,Capsicum,75,3,2025-11-03,575.0,1,2026-01-17,625.0,0,400.0,0,575.0,1,2025-11-10,510.0,0,500.0,0,575.0,1,2025-12-03,650.0,0,525.0,0,575.0,1,1,487.59576416015625,39333,2025-10-05,1,594.2264579905966,630.715109802601,633.9319600150609,2582,2025-10-29,1,weekly|yearly
VEG000015,Capsicum,75,3,2025-11-10,510.0,1,2026-01-24,625.0,0,700.0,0,510.0,1,2025-11-17,625.0,0,415.0,0,510.0,1,2025-12-10,1100.0,0,725.0,0,510.0,1,1,509.9598083496094,39461,2025-10-12,1,614.1416827496624,647.0318761369239,682.0749822541361,2588,2025-11-09,1,weekly|yearly
VEG000015,Capsicum,75,3,2025-11-17,625.0,1,2026-01-31,775.0,1,950.0,0,625.0,1,2025-11-24,675.0,0,450.0,0,625.0,1,2025-12-17,1100.0,0,600.0,0,625.0,1,1,395.459716796875,39585,2025-10-19,1,623.0774348923677,623.1303724505325,721.6346226039677,2594,2025-11-15,1,weekly|yearly
VEG000015,Capsicum,75,3,2025-11-24,675.0,1,2026-02-07,525.0,0,1075.0,0,675.0,1,2025-12-01,550.0,0,615.0,0,675.0,1,2025-12-24,1250.0,0,625.0,0,675.0,1,1,488.9377136230469,39714,2025-10-26,1,631.4795185679392,625.8429494478657,720.5250945382102,2601,2025-11-23,1,weekly|yearly
VEG000015,Capsicum,75,3,2025-12-01,550.0,1,2026-02-14,475.0,0,875.0,0,550.0,1,2025-12-08,710.0,0,725.0,0,550.0,1,2025-12-31,1400.0,0,525.0,0,550.0,1,1,347.1435546875,39839,2025-10-29,1,656.6664763657261,624.1704387695634,674.2357163821699,2608,2025-11-30,1,weekly|yearly
VEG000015,Capsicum,75,3,2025-12-08,710.0,1,2026-02-21,375.0,0,925.0,0,710.0,1,2025-12-15,950.0,1,675.0,0,710.0,1,2026-01-07,795.0,0,425.0,0,710.0,1,1,406.2579040527344,39970,2025-11-09,1,651.9236469288542,614.102420401769,597.6882024564519,2614,2025-12-07,1,weekly|yearly
VEG000015,Capsicum,75,3,2025-12-16,1050.0,1,2026-03-01,225.0,0,600.0,0,1050.0,1,2025-12-23,1250.0,0,675.0,0,1050.0,1,2026-01-15,450.0,0,450.0,0,1050.0,1,1,365.6378479003906,40114,2025-11-17,1,642.7508712052164,640.1628205283432,523.8711359577251,2621,2025-12-14,1,weekly|yearly
VEG000015,Capsicum,75,3,2025-12-23,1250.0,1,2026-03-08,220.0,0,500.0,0,1250.0,1,2025-12-30,1350.0,0,625.0,0,1250.0,1,2026-01-22,575.0,0,725.0,0,1250.0,1,1,334.4595031738281,40225,2025-11-24,1,683.7222884622003,702.1522700375945,511.22797342731786,2628,2025-12-22,1,weekly|yearly
VEG000015,Capsicum,75,3,2025-12-30,1350.0,1,2026-03-15,240.0,0,525.0,0,1350.0,1,2026-01-06,750.0,0,450.0,0,1350.0,1,2026-01-29,775.0,0,915.0,0,1350.0,1,1,302.00604248046875,40345,2025-11-27,1,657.6412928389618,768.4199340328317,526.2758755314902,2635,2025-12-29,1,weekly|yearly
VEG000015,Capsicum,75,3,2026-01-06,750.0,1,2026-03-22,125.0,0,515.0,0,750.0,1,2026-01-13,575.0,0,450.0,1,750.0,1,2026-02-05,675.0,0,925.0,0,750.0,1,1,314.1006164550781,40453,2025-12-08,1,697.4711420079007,798.8472912062272,540.804438537949,2641,2026-01-05,1,weekly|yearly
VEG000015,Capsicum,75,3,2026-01-13,575.0,1,2026-03-29,110.0,0,525.0,0,575.0,1,2026-01-20,650.0,0,625.0,0,575.0,1,2026-02-12,475.0,0,1075.0,1,575.0,1,1,340.5555725097656,40573,2025-12-14,1,719.2700485488119,758.5416826838723,542.4146073091025,2648,2026-01-12,1,weekly|yearly
VEG000015,Capsicum,75,3,2026-01-20,650.0,1,2026-04-05,160.0,0,640.0,0,650.0,1,2026-01-27,800.0,0,825.0,0,650.0,1,2026-02-19,425.0,0,975.0,1,650.0,1,1,334.64349365234375,40684,2025-12-22,1,757.3270636165594,672.9719609016304,539.0082179520222,2655,2026-01-19,1,weekly|yearly
VEG000015,Capsicum,75,3,2026-01-27,800.0,1,2026-04-12,145.0,0,750.0,0,800.0,1,2026-02-03,750.0,0,950.0,0,800.0,1,2026-02-26,275.0,0,925.0,0,800.0,1,1,356.5757751464844,40806,2025-12-29,1,783.2500754603774,591.865632516065,629.906449007209,2662,2026-01-26,1,weekly|yearly
VEG000015,Capsicum,75,3,2026-02-03,750.0,1,2026-04-19,190.0,0,700.0,0,750.0,1,2026-02-10,525.0,0,1000.0,0,750.0,1,2026-03-05,250.0,0,425.0,0,750.0,1,1,297.8835754394531,40924,2026-01-05,1,765.9103025551915,550.6379259333049,539.2810247398602,2667,2026-02-02,1,weekly|yearly
VEG000015,Capsicum,75,3,2026-02-10,525.0,1,2026-04-26,355.0,0,625.0,0,525.0,1,2026-02-17,425.0,0,1050.0,0,525.0,1,2026-03-12,245.0,0,575.0,0,525.0,1,1,266.82171630859375,41030,2026-01-12,1,678.2192864141249,525.4626194575679,504.94268129493014,2674,2026-02-09,1,weekly|yearly
VEG000015,Capsicum,75,3,2026-02-17,425.0,1,2026-05-03,310.0,0,750.0,0,425.0,1,2026-02-24,340.0,0,950.0,0,425.0,1,2026-03-19,200.0,0,575.0,0,425.0,1,1,281.3716735839844,41149,2026-01-19,1,585.9684923063041,511.0415144939304,477.7874382751198,2680,2026-02-15,1,weekly|yearly
VEG000015,Capsicum,75,3,2026-02-24,340.0,1,2026-05-10,330.0,0,825.0,2,340.0,1,2026-03-03,270.0,0,525.0,0,340.0,1,2026-03-26,100.0,0,475.0,0,340.0,1,1,290.7147521972656,41261,2026-01-26,1,521.7072476453279,498.6352825156064,478.7118657507489,2687,2026-02-23,1,weekly|yearly
VEG000015,Capsicum,75,3,2026-03-03,270.0,1,2026-05-17,410.0,0,690.0,0,270.0,1,2026-03-10,220.0,0,575.0,0,270.0,1,2026-04-02,125.0,0,575.0,0,270.0,1,1,291.06341552734375,41381,2026-02-02,1,491.3501474793152,490.3327177289372,506.4857391428259,2693,2026-03-01,1,weekly|yearly
VEG000015,Capsicum,75,3,2026-03-10,220.0,1,2026-05-24,550.0,0,740.0,0,220.0,1,2026-03-17,230.0,0,525.0,0,220.0,1,2026-04-09,200.0,0,700.0,0,220.0,1,1,234.59536743164065,41499,2026-02-09,1,473.6924726435328,542.0866060795599,535.6903677119213,2700,2026-03-09,1,weekly|yearly
VEG000015,Capsicum,75,3,2026-03-17,230.0,1,2026-05-31,400.0,2,550.0,0,230.0,1,2026-03-24,120.0,0,685.0,0,230.0,1,2026-04-16,312.5,0,825.0,0,230.0,1,1,284.0924377441406,41621,2026-02-15,1,462.97675044060384,482.04368637221046,542.5839627243346,2707,2026-03-16,1,weekly|yearly
VEG000015,Capsicum,75,3,2026-03-24,120.0,1,2026-06-07,310.0,0,675.0,0,120.0,1,2026-03-31,125.0,0,525.0,0,120.0,1,2026-04-23,215.0,0,575.0,0,120.0,1,1,309.35406494140625,41741,2026-02-23,1,427.5538305407913,448.9366953732409,519.9662790709627,2714,2026-03-23,1,weekly|yearly
VEG000015,Capsicum,75,3,2026-03-31,125.0,1,2026-06-14,355.0,0,665.0,0,125.0,1,2026-04-07,175.0,0,650.0,0,125.0,1,2026-04-30,220.0,0,550.0,1,125.0,1,1,315.1378479003906,41866,2026-03-01,1,468.27056631750344,411.9749113417661,488.7226038510675,2721,2026-03-30,1,weekly|yearly
VEG000015,Capsicum,75,3,2026-04-07,175.0,1,2026-06-21,310.0,0,375.0,0,175.0,1,2026-04-14,145.0,2,750.0,2,175.0,1,2026-05-07,265.0,0,810.0,0,175.0,1,1,305.4196472167969,41986,2026-03-09,1,432.6335810766558,400.8626142082783,477.8555391256844,2727,2026-04-06,1,weekly|yearly
VEG000015,Capsicum,75,3,2026-04-16,312.5,1,2026-06-30,325.0,2,565.0,0,312.5,1,2026-04-23,215.0,0,575.0,0,312.5,1,2026-05-16,345.0,0,750.0,0,312.5,1,1,317.4612121582031,42137,2026-03-18,1,417.8085734336281,426.99580688578294,497.81553894579486,2733,2026-04-12,1,weekly|yearly
VEG000057,Ridge Gourd,65,1,2023-01-10,200.0,0,2023-03-16,155.0,0,120.0,0,200.0,0,2023-01-17,285.0,0,215.0,4,200.0,0,2023-02-09,210.0,0,210.0,0,200.0,0,1,164.88641357421875,22688,2022-11-18,1,228.0148574059692,199.70475515158225,185.6647551912367,1678,2023-01-09,1,weekly|yearly
VEG000057,Ridge Gourd,65,1,2023-01-17,285.0,0,2023-03-23,130.0,0,100.0,0,285.0,0,2023-01-24,225.0,0,255.0,0,285.0,0,2023-02-16,210.0,0,170.0,1,285.0,0,1,165.3214111328125,22758,2022-11-25,1,226.15002959802763,192.1073348723788,185.33132422017724,1682,2023-01-16,1,weekly|yearly
VEG000057,Ridge Gourd,65,1,2023-01-24,225.0,0,2023-03-30,130.0,0,85.0,0,225.0,0,2023-01-31,260.0,0,210.0,0,225.0,0,2023-02-23,185.0,0,175.0,0,225.0,0,1,169.8717041015625,22831,2022-12-02,1,217.2976419640493,187.1247135902679,186.4453338659416,1687,2023-01-23,1,weekly|yearly
VEG000057,Ridge Gourd,65,1,2023-01-31,260.0,0,2023-04-06,145.0,0,75.0,0,260.0,0,2023-02-07,210.0,0,180.0,4,260.0,0,2023-03-02,150.0,0,165.0,0,260.0,0,1,138.75245666503906,22903,2022-12-09,1,207.25144865080776,185.40798142659705,179.22588094185727,1692,2023-01-30,1,weekly|yearly
VEG000057,Ridge Gourd,65,1,2023-02-07,210.0,0,2023-04-13,140.0,2,80.0,1,210.0,0,2023-02-14,240.0,0,165.0,0,210.0,0,2023-03-09,135.0,0,125.0,0,210.0,0,1,146.6016082763672,22973,2022-12-16,1,196.858346663234,187.2047305971746,163.76373048614096,1697,2023-02-06,1,weekly|yearly
VEG000057,Ridge Gourd,65,1,2023-02-14,240.0,0,2023-04-20,120.0,0,77.5,0,240.0,0,2023-02-21,190.0,0,170.0,0,240.0,0,2023-03-16,155.0,0,120.0,0,240.0,0,1,140.8509979248047,23041,2022-12-23,1,191.08030457997444,190.5281450810583,175.91947592689718,1702,2023-02-13,1,weekly|yearly
VEG000057,Ridge Gourd,65,1,2023-02-21,190.0,0,2023-04-27,140.0,0,160.0,0,190.0,0,2023-02-28,190.0,0,155.0,0,190.0,0,2023-03-23,130.0,0,100.0,0,190.0,0,1,153.7046356201172,23113,2022-12-30,1,189.01453173019112,190.20876261541792,198.11613764933483,1707,2023-02-20,1,weekly|yearly
VEG000057,Ridge Gourd,65,1,2023-02-28,190.0,0,2023-05-04,170.0,0,190.0,0,190.0,0,2023-03-07,155.0,0,135.0,0,190.0,0,2023-03-30,130.0,0,85.0,0,190.0,0,1,165.19020080566406,23182,2023-01-05,1,189.2563692019337,189.96278095352184,219.1788181910754,1712,2023-02-27,1,weekly|yearly
VEG000057,Ridge Gourd,65,1,2023-03-07,155.0,0,2023-05-11,235.0,0,205.0,2,155.0,0,2023-03-14,150.0,0,120.0,0,155.0,0,2023-04-06,145.0,0,75.0,0,155.0,0,1,186.8734893798828,23250,2023-01-12,1,190.58737318844084,180.2397225897176,232.61002817666676,1716,2023-03-03,1,weekly|yearly
VEG000057,Ridge Gourd,65,1,2023-03-14,150.0,0,2023-05-18,290.0,0,270.0,0,150.0,0,2023-03-21,130.0,0,95.0,0,150.0,0,2023-04-13,140.0,2,80.0,1,150.0,0,1,208.3983154296875,23315,2023-01-20,1,188.0489723764614,163.27770085574213,240.06117960178767,1721,2023-03-13,1,weekly|yearly
VEG000057,Ridge Gourd,65,1,2023-03-21,130.0,0,2023-05-25,265.0,0,290.0,0,130.0,0,2023-03-28,130.0,0,85.0,0,130.0,0,2023-04-20,120.0,0,77.5,0,130.0,0,1,248.6058654785156,23385,2023-01-27,1,179.7869631552201,172.2915807880303,247.11550704933867,1726,2023-03-20,1,weekly|yearly
VEG000057,Ridge Gourd,65,1,2023-03-28,130.0,0,2023-06-01,235.0,0,220.0,0,130.0,0,2023-04-04,145.0,0,105.0,0,130.0,0,2023-04-27,140.0,0,160.0,0,130.0,0,1,247.90475463867188,23456,2023-02-03,1,184.19933364679991,189.17125609493004,248.69867846239612,1731,2023-03-27,1,weekly|yearly
VEG000057,Ridge Gourd,65,1,2023-04-04,145.0,0,2023-06-08,130.0,0,235.0,0,145.0,0,2023-04-11,140.0,0,72.5,3,145.0,0,2023-05-04,170.0,0,190.0,0,145.0,0,1,250.02468872070312,23529,2023-02-10,1,189.37175400930977,208.3034149324979,242.87628527919185,1736,2023-04-03,1,weekly|yearly
VEG000057,Ridge Gourd,65,1,2023-04-11,140.0,0,2023-06-15,155.0,0,190.0,2,140.0,0,2023-04-18,90.0,0,105.0,0,140.0,0,2023-05-11,235.0,0,205.0,2,140.0,0,1,252.0576934814453,23603,2023-02-17,1,162.5499098549986,221.69194730602453,226.3022387301137,1739,2023-04-10,1,weekly|yearly
VEG000057,Ridge Gourd,65,1,2023-04-18,90.0,0,2023-06-22,180.0,0,110.0,0,90.0,0,2023-04-25,150.0,0,150.0,0,90.0,0,2023-05-18,290.0,0,270.0,0,90.0,0,1,211.4579620361328,24045,2023-02-24,1,180.72551756259577,231.49057823475337,206.61364973693935,1741,2023-04-17,1,weekly|yearly
VEG000057,Ridge Gourd,65,1,2023-04-25,150.0,0,2023-06-29,150.0,1,95.0,0,150.0,0,2023-05-02,170.0,0,170.0,3,150.0,0,2023-05-25,265.0,0,290.0,0,150.0,0,1,193.72889709472656,24123,2023-03-03,1,198.7972967472729,237.30485103345876,190.22269230205052,1746,2023-04-24,1,weekly|yearly
VEG000057,Ridge Gourd,65,1,2023-05-02,170.0,0,2023-07-06,70.0,0,130.0,0,170.0,0,2023-05-09,160.0,0,205.0,0,170.0,0,2023-06-01,235.0,0,220.0,0,170.0,0,1,194.3025665283203,24197,2023-03-10,1,214.9231480788856,242.0471207769446,185.70254838705452,1750,2023-04-28,1,weekly|yearly
VEG000057,Ridge Gourd,65,1,2023-05-09,160.0,0,2023-07-13,175.0,0,135.0,1,160.0,0,2023-05-16,290.0,0,225.0,3,160.0,0,2023-06-08,130.0,0,235.0,0,160.0,0,1,192.62144470214844,24275,2023-03-17,1,224.47013130872813,236.5320976203705,184.46826989939,1754,2023-05-08,1,weekly|yearly
VEG000057,Ridge Gourd,65,1,2023-05-16,290.0,0,2023-07-20,90.0,0,145.0,0,290.0,0,2023-05-23,240.0,0,290.0,0,290.0,0,2023-06-15,155.0,0,190.0,2,290.0,0,1,191.78805541992188,24350,2023-03-24,1,235.8792714500663,221.1791497009097,183.2334592068995,1759,2023-05-15,1,weekly|yearly
VEG000057,Ridge Gourd,65,1,2023-05-23,240.0,0,2023-07-27,90.0,0,135.0,0,240.0,0,2023-05-30,220.0,0,230.0,0,240.0,0,2023-06-22,180.0,0,110.0,0,240.0,0,1,189.2004241943359,24427,2023-03-31,1,245.0936875120821,204.7315426808873,182.7386589497154,1764,2023-05-22,1,weekly|yearly
VEG000057,Ridge Gourd,65,1,2023-05-30,220.0,0,2023-08-03,105.0,0,105.0,0,220.0,0,2023-06-06,115.0,0,215.0,0,220.0,0,2023-06-29,150.0,1,95.0,0,220.0,0,1,199.74594116210935,24500,2023-04-06,1,241.63327990638575,191.7954097397222,182.62420474548557,1769,2023-05-29,1,weekly|yearly
VEG000057,Ridge Gourd,65,1,2023-06-06,115.0,0,2023-08-10,110.0,0,165.0,0,115.0,0,2023-06-13,165.0,0,190.0,0,115.0,0,2023-07-06,70.0,0,130.0,0,115.0,0,1,214.53517150878903,24565,2023-04-11,1,225.75075955584668,186.2421386810241,186.57911687655823,1774,2023-06-05,1,weekly|yearly
VEG000057,Ridge Gourd,65,1,2023-06-13,165.0,0,2023-08-17,130.0,0,235.0,0,165.0,0,2023-06-20,195.0,0,100.0,0,165.0,0,2023-07-13,175.0,0,135.0,1,165.0,0,1,194.29837036132812,24627,2023-04-21,1,202.0862971492738,181.19367899364613,189.3372360780557,1779,2023-06-12,1,weekly|yearly
VEG000057,Ridge Gourd,65,1,2023-06-20,195.0,0,2023-08-24,130.0,0,185.0,0,195.0,0,2023-06-27,155.0,0,100.0,0,195.0,0,2023-07-20,90.0,0,145.0,0,195.0,0,1,190.8766326904297,24691,2023-04-28,1,187.80055752456087,176.85922282077289,192.1525778277501,1784,2023-06-19,1,weekly|yearly
VEG000057,Ridge Gourd,65,1,2023-06-27,155.0,0,2023-08-31,60.0,0,165.0,0,155.0,0,2023-07-04,135.0,0,110.0,0,155.0,0,2023-07-27,90.0,0,135.0,0,155.0,0,1,182.61322021484375,24759,2023-05-04,1,181.90627418651897,173.46319281102072,194.06099269503497,1789,2023-06-26,1,weekly|yearly
VEG000057,Ridge Gourd,65,1,2023-07-04,135.0,0,2023-09-07,75.0,0,175.0,0,135.0,0,2023-07-11,105.0,0,125.0,0,135.0,0,2023-08-03,105.0,0,105.0,0,135.0,0,1,188.3944091796875,24832,2023-05-12,1,179.66454502996842,174.73719202933376,197.7847793891934,1792,2023-06-30,1,weekly|yearly
VEG000057,Ridge Gourd,65,1,2023-07-11,105.0,0,2023-09-14,115.0,0,185.0,0,105.0,0,2023-07-18,115.0,0,135.0,0,105.0,0,2023-08-10,110.0,0,165.0,0,105.0,0,1,175.3598175048828,24901,2023-05-19,1,172.9357968539842,176.56820872137877,198.75826355846667,1797,2023-07-10,1,weekly|yearly
VEG000057,Ridge Gourd,65,1,2023-07-18,115.0,0,2023-09-21,90.0,0,180.0,0,115.0,0,2023-07-25,95.0,0,125.0,0,115.0,0,2023-08-17,130.0,0,235.0,0,115.0,0,1,175.1742401123047,24976,2023-05-26,1,168.73313682148424,181.2557461393118,199.12148904606104,1804,2023-07-17,1,weekly|yearly
VEG000057,Ridge Gourd,65,1,2023-07-25,95.0,0,2023-09-28,110.0,2,190.0,0,95.0,0,2023-08-01,95.0,1,145.0,0,95.0,0,2023-08-24,130.0,0,185.0,0,95.0,0,1,168.467041015625,25051,2023-06-02,1,165.19012140655497,182.54380854182423,192.05603082389908,1811,2023-07-24,1,weekly|yearly
VEG000057,Ridge Gourd,65,1,2023-08-02,120.0,0,2023-10-06,95.0,0,165.0,0,120.0,0,2023-08-09,115.0,0,150.0,0,120.0,0,2023-09-01,70.0,0,155.0,0,120.0,0,1,169.60165405273438,25138,2023-06-12,1,167.07764481822312,182.00153991640803,179.29081707463092,1817,2023-07-31,1,weekly|yearly
VEG000057,Ridge Gourd,65,1,2023-08-09,115.0,0,2023-10-13,150.0,0,120.0,0,115.0,0,2023-08-16,135.0,0,190.0,0,115.0,0,2023-09-08,72.5,0,195.0,0,115.0,0,1,172.2091827392578,25217,2023-06-19,1,170.1259966428077,182.45956192633537,170.9245679330316,1824,2023-08-08,1,weekly|yearly
VEG000057,Ridge Gourd,65,1,2023-08-16,135.0,0,2023-10-20,180.0,0,160.0,0,135.0,0,2023-08-23,110.0,0,170.0,0,135.0,0,2023-09-15,100.0,0,210.0,0,135.0,0,1,157.4052276611328,25296,2023-06-26,1,172.1803910920022,183.68566687102395,170.1364747021417,1831,2023-08-15,1,weekly|yearly
VEG000057,Ridge Gourd,65,1,2023-08-23,110.0,0,2023-10-27,280.0,0,155.0,0,110.0,0,2023-08-30,90.0,1,170.0,0,110.0,0,2023-09-22,110.0,0,215.0,0,110.0,0,1,156.98875427246094,25366,2023-06-30,1,172.43288711816558,182.11026589395013,175.2668087187462,1838,2023-08-22,1,weekly|yearly
VEG000057,Ridge Gourd,65,1,2023-08-31,60.0,0,2023-11-04,285.0,0,170.0,0,60.0,0,2023-09-07,75.0,0,175.0,0,60.0,0,2023-09-30,110.0,4,190.0,0,60.0,0,1,173.19325256347656,25453,2023-07-11,1,172.96185379547092,135.23115301461877,144.21734226304278,1845,2023-08-29,1,weekly|yearly
VEG000057,Ridge Gourd,65,1,2023-09-07,75.0,0,2023-11-11,305.0,0,190.0,0,75.0,0,2023-09-14,115.0,0,185.0,0,75.0,0,2023-10-07,105.0,0,167.5,0,75.0,0,1,158.78225708007812,25529,2023-07-18,1,170.09613811073427,118.87839173800177,143.02201012020066,1852,2023-09-06,1,weekly|yearly
VEG000057,Ridge Gourd,65,1,2023-09-14,115.0,0,2023-11-18,340.0,0,260.0,0,115.0,0,2023-09-21,90.0,0,180.0,0,115.0,0,2023-10-14,190.0,0,140.0,0,115.0,0,1,164.54473876953125,25617,2023-07-25,1,166.02725889280975,107.52883377987864,143.72409224797178,1859,2023-09-13,1,weekly|yearly
VEG000057,Ridge Gourd,65,1,2023-09-21,90.0,0,2023-11-25,370.0,0,215.0,0,90.0,0,2023-09-28,110.0,2,190.0,0,90.0,0,2023-10-21,190.0,0,165.0,0,90.0,0,1,166.30032348632812,25708,2023-07-31,1,160.17517451523435,109.7009070274444,152.45739659769168,1866,2023-09-20,1,weekly|yearly
VEG000057,Ridge Gourd,65,1,2023-10-01,120.0,0,2023-12-05,325.0,0,140.0,0,120.0,0,2023-10-08,125.0,0,167.5,1,120.0,0,2023-10-31,270.0,0,175.0,0,120.0,0,1,155.8758544921875,25844,2023-08-11,1,116.88369734318913,158.49344734854478,199.29829034725273,1872,2023-09-26,1,weekly|yearly
VEG000057,Ridge Gourd,65,1,2023-10-08,125.0,0,2023-12-12,235.0,0,190.0,0,125.0,0,2023-10-15,190.0,0,140.0,1,125.0,0,2023-11-07,245.0,0,170.0,3,125.0,0,1,145.07669067382812,25938,2023-08-18,1,111.29309796899,164.1728824990784,209.41960370773717,1879,2023-10-07,1,weekly|yearly
VEG000057,Ridge Gourd,65,1,2023-10-15,190.0,0,2023-12-19,300.0,0,230.0,0,190.0,0,2023-10-22,250.0,0,165.0,1,190.0,0,2023-11-14,285.0,0,170.0,0,190.0,0,1,152.6715087890625,26041,2023-08-25,1,117.29062835943404,168.98021062738476,192.0445552317944,1886,2023-10-14,1,weekly|yearly
VEG000057,Ridge Gourd,65,1,2023-10-22,250.0,0,2023-12-26,310.0,1,190.0,0,250.0,0,2023-10-29,290.0,0,190.0,1,250.0,0,2023-11-21,340.0,0,255.0,0,250.0,0,1,164.45706176757812,26141,2023-09-01,1,132.01779919826097,177.05367861618635,187.868821635706,1893,2023-10-21,1,weekly|yearly
VEG000057,Ridge Gourd,65,1,2023-10-29,290.0,0,2024-01-02,325.0,0,215.0,0,290.0,0,2023-11-05,265.0,0,170.0,1,290.0,0,2023-11-28,325.0,0,225.0,0,290.0,0,1,164.13027954101562,26245,2023-09-08,1,150.52094092039576,195.11534029142004,198.7103839662145,1899,2023-10-27,1,weekly|yearly
VEG000057,Ridge Gourd,65,1,2023-11-05,265.0,0,2024-01-09,275.0,0,200.0,0,265.0,0,2023-11-12,290.0,0,190.0,1,265.0,0,2023-12-05,325.0,0,140.0,0,265.0,0,1,140.80819702148438,26346,2023-09-15,1,167.66658808283017,209.31655804681873,203.20624363417997,1906,2023-11-04,1,weekly|yearly
VEG000057,Ridge Gourd,65,1,2023-11-12,290.0,0,2024-01-16,365.0,0,320.0,0,290.0,0,2023-11-19,355.0,0,260.0,1,290.0,0,2023-12-12,235.0,0,190.0,0,290.0,0,1,160.2544403076172,26451,2023-09-22,1,182.66331300911824,225.8885741677106,226.95246916608505,1913,2023-11-11,1,weekly|yearly
VEG000057,Ridge Gourd,65,1,2023-11-19,355.0,0,2024-01-23,325.0,0,265.0,0,355.0,0,2023-11-26,370.0,1,215.0,1,355.0,0,2023-12-19,300.0,0,230.0,0,355.0,0,1,210.3367156982422,26546,2023-09-26,1,199.6141186941024,216.97571175252543,227.34022990260593,1920,2023-11-18,1,weekly|yearly
VEG000057,Ridge Gourd,65,1,2023-11-27,335.0,0,2024-01-31,260.0,0,260.0,0,335.0,0,2023-12-04,365.0,0,210.0,2,335.0,0,2023-12-27,290.0,0,190.0,0,335.0,0,1,171.4282989501953,26658,2023-10-07,1,227.00759920951936,221.54248799078852,219.7253899870715,1927,2023-11-25,1,weekly|yearly
VEG000057,Ridge Gourd,65,1,2023-12-04,365.0,0,2024-02-07,220.0,0,210.0,0,365.0,0,2023-12-11,275.0,0,130.0,2,365.0,0,2024-01-03,225.0,0,210.0,0,365.0,0,1,177.56288146972656,26752,2023-10-14,1,236.1016454471636,220.4392316137097,213.3534618822503,1932,2023-12-03,1,weekly|yearly
VEG000057,Ridge Gourd,65,1,2023-12-11,275.0,0,2024-02-14,240.0,0,240.0,0,275.0,0,2023-12-18,265.0,0,220.0,2,275.0,0,2024-01-10,240.0,0,200.0,0,275.0,0,1,176.6488037109375,26858,2023-10-21,1,255.26878700438297,222.99722668523455,208.34340713845563,1939,2023-12-10,1,weekly|yearly
VEG000057,Ridge Gourd,65,1,2023-12-18,265.0,0,2024-02-21,230.0,0,190.0,0,265.0,0,2023-12-25,310.0,0,180.0,2,265.0,0,2024-01-17,325.0,0,285.0,0,265.0,0,1,181.58778381347656,26954,2023-10-27,1,230.75727764985524,249.0760428158427,201.06264566045996,1946,2023-12-17,1,weekly|yearly
VEG000057,Ridge Gourd,65,1,2023-12-25,310.0,0,2024-02-28,115.0,0,190.0,0,310.0,0,2024-01-01,275.0,0,200.0,2,310.0,0,2024-01-24,290.0,0,225.0,0,310.0,0,1,196.0168914794922,27062,2023-11-04,1,247.77539946387984,243.88434564354648,196.15267741082593,1953,2023-12-24,1,weekly|yearly
VEG000057,Ridge Gourd,65,1,2024-01-01,275.0,0,2024-03-06,110.0,0,155.0,0,275.0,0,2024-01-08,265.0,0,215.0,3,275.0,0,2024-01-31,260.0,0,260.0,0,275.0,0,1,149.73236083984375,27166,2023-11-11,1,230.44572707230896,233.5088260483493,193.9600221330094,1959,2023-12-31,1,weekly|yearly
VEG000057,Ridge Gourd,65,1,2024-01-08,265.0,0,2024-03-13,105.0,0,150.0,0,265.0,0,2024-01-15,290.0,0,300.0,3,265.0,0,2024-02-07,220.0,0,210.0,0,265.0,0,1,150.93869018554688,27637,2023-11-18,1,257.6015936347743,223.98438051937032,195.2052464846671,1966,2024-01-07,1,weekly|yearly
VEG000057,Ridge Gourd,65,1,2024-01-15,290.0,0,2024-03-20,80.0,0,130.0,0,290.0,0,2024-01-22,310.0,0,265.0,2,290.0,0,2024-02-14,240.0,0,240.0,0,290.0,0,1,149.45826721191406,27747,2023-11-25,1,251.8727763422404,216.9099577978635,196.5299794002276,1973,2024-01-14,1,weekly|yearly
VEG000057,Ridge Gourd,65,1,2024-01-22,310.0,0,2024-03-27,90.0,0,130.0,0,310.0,0,2024-01-29,275.0,0,245.0,2,310.0,0,2024-02-21,230.0,0,190.0,0,310.0,0,1,145.8980712890625,27850,2023-12-02,1,243.94132063751255,212.03132697631125,193.8980486463476,1980,2024-01-21,1,weekly|yearly
VEG000057,Ridge Gourd,65,1,2024-01-29,275.0,0,2024-04-03,125.0,0,145.0,0,275.0,0,2024-02-05,200.0,0,185.0,2,275.0,0,2024-02-28,115.0,0,190.0,0,275.0,0,1,149.36666870117188,27960,2023-12-09,1,231.8145744831596,205.5062897158848,209.05188564901408,1986,2024-01-28,1,weekly|yearly
VEG000057,Ridge Gourd,65,1,2024-02-05,200.0,0,2024-04-10,75.0,0,140.0,0,200.0,0,2024-02-12,235.0,0,235.0,2,200.0,0,2024-03-06,110.0,0,155.0,0,200.0,0,1,141.898193359375,28061,2023-12-16,1,222.05561316235625,200.67887611509988,199.88393672848147,1993,2024-02-04,1,weekly|yearly
VEG000057,Ridge Gourd,65,1,2024-02-12,235.0,0,2024-04-17,70.0,0,90.0,0,235.0,0,2024-02-19,215.0,0,235.0,2,235.0,0,2024-03-13,105.0,0,150.0,0,235.0,0,1,140.72085571289062,28169,2023-12-23,1,213.68092074880195,198.4693668200089,179.1379548521585,2000,2024-02-11,1,weekly|yearly
VEG000057,Ridge Gourd,65,1,2024-02-19,215.0,0,2024-04-24,105.0,0,150.0,0,215.0,0,2024-02-26,165.0,0,190.0,2,215.0,0,2024-03-20,80.0,0,130.0,0,215.0,0,1,168.04461669921875,28278,2023-12-30,1,208.1108740276148,199.2493824003251,195.7419773051652,2007,2024-02-18,1,weekly|yearly
VEG000057,Ridge Gourd,65,1,2024-02-26,165.0,0,2024-05-01,140.0,0,170.0,0,165.0,0,2024-03-04,95.0,0,155.0,2,165.0,0,2024-03-27,90.0,0,130.0,0,165.0,0,1,178.51016235351562,28390,2024-01-06,1,201.83442048469072,195.8349789395747,220.036929450901,2013,2024-02-25,1,weekly|yearly
VEG000057,Ridge Gourd,65,1,2024-03-04,95.0,0,2024-05-08,225.0,0,160.0,0,95.0,0,2024-03-11,110.0,0,135.0,2,95.0,0,2024-04-03,125.0,0,145.0,0,95.0,0,1,133.78273010253906,28498,2024-01-13,1,195.83119626221023,206.26023094543075,241.52406468610016,2019,2024-03-03,1,weekly|yearly
VEG000057,Ridge Gourd,65,1,2024-03-11,110.0,0,2024-05-15,225.0,0,290.0,0,110.0,0,2024-03-18,95.0,0,145.0,2,110.0,0,2024-04-10,75.0,0,140.0,0,110.0,0,1,176.9786376953125,28605,2024-01-20,1,191.98044164159356,193.8666821552286,252.28817710207937,2026,2024-03-10,1,weekly|yearly
VEG000057,Ridge Gourd,65,1,2024-03-18,95.0,0,2024-05-22,185.0,0,240.0,0,95.0,0,2024-03-25,75.0,0,130.0,2,95.0,0,2024-04-17,70.0,0,90.0,0,95.0,0,1,186.6544952392578,28714,2024-01-27,1,188.5464663383922,171.071705639201,255.19172788062264,2033,2024-03-17,1,weekly|yearly
VEG000057,Ridge Gourd,65,2,2024-03-21,75.0,0,2024-05-25,225.0,0,240.0,0,75.0,0,2024-03-28,70.0,0,140.0,0,75.0,0,2024-04-20,100.0,0,115.0,0,75.0,0,1,184.53564453125,28763,2024-01-30,1,182.41299349674043,176.1651556662537,255.87761362188044,2036,2024-03-20,1,weekly|yearly
VEG000057,Ridge Gourd,65,2,2024-03-28,70.0,0,2024-06-01,275.0,0,235.0,0,70.0,0,2024-04-04,110.0,0,145.0,1,70.0,0,2024-04-27,140.0,0,145.0,0,70.0,0,1,196.0867919921875,28878,2024-02-06,1,183.94768007182415,192.61199706430153,248.43189841017087,2042,2024-03-27,1,weekly|yearly
VEG000057,Ridge Gourd,65,2,2024-04-04,110.0,0,2024-06-08,275.0,0,130.0,0,110.0,0,2024-04-11,110.0,0,140.0,1,110.0,0,2024-05-04,140.0,0,170.0,1,110.0,0,1,190.28439331054688,28990,2024-02-13,1,183.3057854781039,213.50022728562516,234.0144139302399,2049,2024-04-03,1,weekly|yearly
VEG000057,Ridge Gourd,65,2,2024-04-11,110.0,0,2024-06-15,250.0,0,170.0,0,110.0,0,2024-04-18,70.0,0,100.0,0,110.0,0,2024-05-11,225.0,0,275.0,0,110.0,0,1,199.7234344482422,29470,2024-02-20,1,154.65242636499823,229.85136509739405,215.9495666656679,2056,2024-04-10,1,weekly|yearly
VEG000057,Ridge Gourd,65,2,2024-04-18,70.0,0,2024-06-22,280.0,0,185.0,0,70.0,0,2024-04-25,115.0,0,145.0,0,70.0,0,2024-05-18,225.0,0,245.0,0,70.0,0,1,161.19378662109375,29586,2024-02-26,1,173.03167681397034,239.86250893868535,199.59601614578455,2059,2024-04-17,1,weekly|yearly
VEG000057,Ridge Gourd,65,2,2024-04-25,115.0,0,2024-06-29,175.0,0,150.0,0,115.0,0,2024-05-02,140.0,1,175.0,0,115.0,0,2024-05-25,225.0,0,240.0,0,115.0,0,1,170.73330688476562,29703,2024-03-05,1,195.11821408920432,239.90457100409944,184.9989658453409,2065,2024-04-24,1,weekly|yearly
VEG000057,Ridge Gourd,65,2,2024-05-03,105.0,0,2024-07-07,260.0,0,90.0,1,105.0,0,2024-05-10,185.0,0,235.0,0,105.0,0,2024-06-02,290.0,0,235.0,1,105.0,0,1,173.0537567138672,29834,2024-03-13,1,217.3926985818724,231.65646345466692,172.99419049878034,2072,2024-05-01,1,weekly|yearly
VEG000057,Ridge Gourd,65,2,2024-05-10,185.0,0,2024-07-14,260.0,0,105.0,0,185.0,0,2024-05-17,190.0,0,290.0,0,185.0,0,2024-06-09,275.0,0,130.0,1,185.0,0,1,172.5694122314453,29953,2024-03-20,1,228.5585557020355,219.50035006017444,166.69475231387017,2079,2024-05-09,1,weekly|yearly
VEG000057,Ridge Gourd,65,2,2024-05-17,190.0,0,2024-07-21,200.0,0,90.0,0,190.0,0,2024-05-24,185.0,2,265.0,0,190.0,0,2024-06-16,240.0,0,170.0,1,190.0,0,1,160.25335693359375,30074,2024-03-27,1,232.4239228667805,202.2957520057517,160.03172990849754,2086,2024-05-16,1,weekly|yearly
VEG000057,Ridge Gourd,65,2,2024-05-25,225.0,0,2024-07-29,205.0,0,110.0,0,225.0,0,2024-06-01,275.0,0,235.0,0,225.0,0,2024-06-24,190.0,0,185.0,2,225.0,0,1,132.00384521484375,30213,2024-04-04,1,233.5653943641668,185.53423001358263,158.63408251960644,2092,2024-05-22,1,weekly|yearly
VEG000057,Ridge Gourd,65,2,2024-06-01,275.0,0,2024-08-05,145.0,0,105.0,0,275.0,0,2024-06-08,275.0,0,130.0,0,275.0,0,2024-07-01,275.0,0,150.0,2,275.0,0,1,118.59642791748048,30331,2024-04-11,1,224.5984327246269,176.57635540873764,164.20048814910888,2099,2024-05-31,1,weekly|yearly
VEG000057,Ridge Gourd,65,2,2024-06-08,275.0,0,2024-08-12,155.0,0,130.0,0,275.0,0,2024-06-15,250.0,0,170.0,0,275.0,0,2024-07-08,275.0,0,90.0,2,275.0,0,1,117.62702178955078,30434,2024-04-18,1,211.7260170979139,173.0143881407744,173.6429055529932,2106,2024-06-07,1,weekly|yearly
VEG000057,Ridge Gourd,65,2,2024-06-15,250.0,0,2024-08-19,140.0,1,130.0,0,250.0,0,2024-06-22,280.0,0,185.0,0,250.0,0,2024-07-15,260.0,0,105.0,0,250.0,0,1,111.73065185546876,30546,2024-04-25,1,196.7990348911006,170.2284100625983,179.83256028048456,2113,2024-06-14,1,weekly|yearly
VEG000057,Ridge Gourd,65,2,2024-06-22,280.0,0,2024-08-26,135.0,0,140.0,0,280.0,0,2024-06-29,175.0,0,150.0,0,280.0,0,2024-07-22,195.0,0,100.0,0,280.0,0,1,108.59645080566406,30651,2024-05-01,1,186.44969479258927,167.64375042437035,181.47173956004025,2119,2024-06-20,1,weekly|yearly
VEG000057,Ridge Gourd,65,2,2024-06-29,175.0,0,2024-09-02,150.0,0,75.0,0,175.0,0,2024-07-06,200.0,0,90.0,0,175.0,0,2024-07-29,205.0,0,110.0,0,175.0,0,1,135.94972229003906,30761,2024-05-09,1,180.8880487005337,166.28229030207157,180.5003915721448,2126,2024-06-28,1,weekly|yearly
VEG000057,Ridge Gourd,65,2,2024-07-06,200.0,0,2024-09-09,190.0,0,90.0,0,200.0,0,2024-07-13,240.0,0,110.0,0,200.0,0,2024-08-05,145.0,0,105.0,0,200.0,0,1,137.16065979003906,30883,2024-05-16,1,179.36700278763055,174.0498449039979,187.765887451154,2133,2024-07-05,1,weekly|yearly
VEG000057,Ridge Gourd,65,2,2024-07-13,240.0,0,2024-09-16,195.0,0,125.0,0,240.0,0,2024-07-20,175.0,1,90.0,0,240.0,0,2024-08-12,155.0,0,130.0,0,240.0,0,1,148.47714233398438,30995,2024-05-22,1,176.39492687865325,185.819486946015,198.7899616153316,2140,2024-07-12,1,weekly|yearly
VEG000057,Ridge Gourd,65,2,2024-07-21,200.0,0,2024-09-24,200.0,0,120.0,0,200.0,0,2024-07-28,215.0,0,90.0,1,200.0,0,2024-08-20,125.0,0,125.0,0,200.0,0,1,164.1668243408203,31124,2024-05-31,1,174.52254429484714,192.156684607006,203.08008821768252,2147,2024-07-19,1,weekly|yearly
VEG000057,Ridge Gourd,65,2,2024-07-28,215.0,0,2024-10-01,255.0,0,100.0,0,215.0,0,2024-08-04,155.0,0,110.0,0,215.0,0,2024-08-27,150.0,0,90.0,0,215.0,0,1,187.31179809570312,31232,2024-06-07,1,178.96962975310277,192.11234968618095,199.64743989482017,2154,2024-07-27,1,weekly|yearly
VEG000057,Ridge Gourd,65,2,2024-08-04,155.0,0,2024-10-08,130.0,0,110.0,0,155.0,0,2024-08-11,145.0,0,110.0,0,155.0,0,2024-09-03,145.0,0,82.5,0,155.0,0,1,189.80877685546875,31350,2024-06-14,1,187.47306107150925,191.89307508114263,195.4173718021415,2161,2024-08-03,1,weekly|yearly
VEG000057,Ridge Gourd,65,2,2024-08-11,145.0,0,2024-10-15,125.0,0,185.0,0,145.0,0,2024-08-18,140.0,0,125.0,0,145.0,0,2024-09-10,170.0,0,110.0,0,145.0,0,1,198.87530517578125,31465,2024-06-20,1,190.2064929816005,194.9405453584182,197.6298660228048,2168,2024-08-10,1,weekly|yearly
VEG000057,Ridge Gourd,65,2,2024-08-18,140.0,0,2024-10-22,140.0,0,240.0,0,140.0,0,2024-08-25,130.0,0,150.0,0,140.0,0,2024-09-17,195.0,1,110.0,0,140.0,0,1,190.10369873046875,31588,2024-06-28,1,189.2439666457446,199.35916426224503,208.34383186740672,2175,2024-08-17,1,weekly|yearly
VEG000057,Ridge Gourd,65,2,2024-08-25,130.0,0,2024-10-29,160.0,0,285.0,0,130.0,0,2024-09-01,140.0,0,70.0,0,130.0,0,2024-09-24,200.0,0,120.0,0,130.0,0,1,185.3686065673828,31710,2024-07-05,1,186.01312371086567,198.71141140497676,220.7562929208399,2181,2024-08-24,1,weekly|yearly
VEG000057,Ridge Gourd,65,2,2024-09-01,140.0,0,2024-11-05,155.0,0,290.0,0,140.0,0,2024-09-08,170.0,0,75.0,0,140.0,0,2024-10-01,255.0,0,100.0,0,140.0,0,1,166.2303009033203,31825,2024-07-12,1,187.6999266126197,192.01451506360291,229.86415897226536,2188,2024-08-31,1,weekly|yearly
VEG000057,Ridge Gourd,65,2,2024-09-08,170.0,0,2024-11-12,190.0,0,310.0,0,170.0,0,2024-09-15,180.0,0,120.0,0,170.0,0,2024-10-08,130.0,0,110.0,0,170.0,0,1,191.87991333007812,31945,2024-07-19,1,194.00501687277009,186.20180730657037,236.8078705610866,2195,2024-09-07,1,weekly|yearly
VEG000057,Ridge Gourd,65,2,2024-09-15,180.0,0,2024-11-19,210.0,0,340.0,0,180.0,0,2024-09-22,265.0,2,105.0,0,180.0,0,2024-10-15,125.0,0,185.0,0,180.0,0,1,238.6506500244141,32065,2024-07-26,1,197.92301575619155,190.8665356151633,247.2244782555171,2202,2024-09-14,1,weekly|yearly
VEG000057,Ridge Gourd,65,2,2024-09-23,255.0,0,2024-11-27,225.0,0,325.0,0,255.0,0,2024-09-30,250.0,0,120.0,0,255.0,0,2024-10-23,115.0,0,230.0,0,255.0,0,1,220.94754028320312,32206,2024-08-03,1,194.2068376604475,205.94667032955607,257.94240036692133,2207,2024-09-20,1,weekly|yearly
VEG000057,Ridge Gourd,65,2,2024-09-30,250.0,0,2024-12-04,290.0,0,325.0,0,250.0,0,2024-10-07,130.0,0,125.0,0,250.0,0,2024-10-30,160.0,1,270.0,0,250.0,0,1,250.63446044921875,32324,2024-08-10,1,189.71346882716088,221.23140189691512,260.83646268185527,2214,2024-09-29,1,weekly|yearly
VEG000057,Ridge Gourd,65,2,2024-10-07,130.0,0,2024-12-11,320.0,0,235.0,0,130.0,0,2024-10-14,125.0,0,190.0,0,130.0,0,2024-11-06,150.0,0,245.0,0,130.0,0,1,247.8049468994141,32445,2024-08-17,1,191.09502040267537,232.1512782370775,262.67459130312477,2221,2024-10-06,1,weekly|yearly
VEG000057,Ridge Gourd,65,2,2024-10-14,125.0,0,2024-12-18,250.0,0,300.0,0,125.0,0,2024-10-21,135.0,0,250.0,0,125.0,0,2024-11-13,210.0,0,285.0,0,125.0,0,1,257.58843994140625,32566,2024-08-24,1,198.62895258808692,236.80575420842283,270.44092445188636,2228,2024-10-13,1,weekly|yearly
VEG000057,Ridge Gourd,65,2,2024-10-21,135.0,0,2024-12-25,160.0,0,310.0,1,135.0,0,2024-10-28,150.0,0,290.0,0,135.0,0,2024-11-20,290.0,0,340.0,0,135.0,0,1,237.1543426513672,32690,2024-08-31,1,212.41162390281045,243.3994119312293,328.87725057257444,2234,2024-10-20,1,weekly|yearly
VEG000057,Ridge Gourd,65,2,2024-10-28,150.0,0,2025-01-01,200.0,0,325.0,0,150.0,0,2024-11-04,125.0,0,265.0,0,150.0,0,2024-11-27,225.0,0,325.0,0,150.0,0,1,211.6262054443359,32810,2024-09-07,1,222.2242831347488,249.96292122792445,263.47493354189515,2241,2024-10-27,1,weekly|yearly
VEG000057,Ridge Gourd,65,2,2024-11-04,125.0,0,2025-01-08,190.0,0,275.0,0,125.0,0,2024-11-11,180.0,0,290.0,0,125.0,0,2024-12-04,290.0,0,325.0,0,125.0,0,1,200.8277282714844,32931,2024-09-14,1,229.6210304510007,251.45792838235087,240.2743675534514,2246,2024-11-03,1,weekly|yearly
VEG000057,Ridge Gourd,65,2,2024-11-11,180.0,0,2025-01-15,240.0,0,365.0,0,180.0,0,2024-11-18,210.0,0,355.0,0,180.0,0,2024-12-11,320.0,0,235.0,0,180.0,0,1,190.3142242431641,33051,2024-09-20,1,235.2165287495378,251.5123816178688,272.26641167076724,2253,2024-11-10,1,weekly|yearly
VEG000057,Ridge Gourd,65,2,2024-11-18,210.0,0,2025-01-22,300.0,0,325.0,0,210.0,0,2024-11-25,255.0,0,370.0,1,210.0,0,2024-12-18,250.0,0,300.0,0,210.0,0,1,190.17022705078125,33166,2024-09-28,1,244.95781756066432,261.10081127210253,256.90353592515544,2258,2024-11-17,1,weekly|yearly
VEG000057,Ridge Gourd,65,2,2024-11-25,255.0,0,2025-01-29,335.0,0,275.0,0,255.0,0,2024-12-02,275.0,0,325.0,0,255.0,0,2024-12-25,160.0,0,310.0,1,255.0,0,1,193.91098022460935,33284,2024-10-05,1,250.90082547491284,324.4320411964311,237.5825582572686,2265,2024-11-24,1,weekly|yearly
VEG000057,Ridge Gourd,65,2,2024-12-02,275.0,0,2025-02-05,305.0,0,200.0,0,275.0,0,2024-12-09,315.0,0,275.0,0,275.0,0,2025-01-01,200.0,0,325.0,0,275.0,0,1,198.63851928710935,33399,2024-10-12,1,245.9703904372294,259.9239863113953,223.51253246429096,2272,2024-12-01,1,weekly|yearly
VEG000057,Ridge Gourd,65,2,2024-12-09,315.0,0,2025-02-12,315.0,1,235.0,0,315.0,0,2024-12-16,265.0,0,260.0,0,315.0,0,2025-01-08,190.0,0,275.0,0,315.0,0,1,204.8357086181641,33516,2024-10-19,1,265.7144531458845,239.4351675046574,217.35467521625273,2279,2024-12-08,1,weekly|yearly
VEG000057,Ridge Gourd,65,2,2024-12-16,265.0,0,2025-02-19,250.0,1,215.0,0,265.0,0,2024-12-23,205.0,0,280.0,0,265.0,0,2025-01-15,240.0,0,365.0,0,265.0,0,1,222.3975067138672,33640,2024-10-26,1,240.73576934746177,275.0382116420351,210.1150147247442,2285,2024-12-15,1,weekly|yearly
VEG000057,Ridge Gourd,65,2,2024-12-23,205.0,0,2025-02-26,170.0,0,165.0,1,205.0,0,2024-12-30,200.0,0,225.0,0,205.0,0,2025-01-22,300.0,0,325.0,0,205.0,0,1,197.73724365234375,33750,2024-11-02,1,253.40032847433625,260.7879375069087,195.7661470219521,2292,2024-12-22,1,weekly|yearly
VEG000057,Ridge Gourd,65,2,2024-12-30,200.0,0,2025-03-05,215.0,0,110.0,0,200.0,0,2025-01-06,225.0,0,300.0,0,200.0,0,2025-01-29,335.0,0,275.0,0,200.0,0,1,156.70703125,33866,2024-11-09,1,238.7659326026096,240.25847522345575,181.29825033332793,2299,2024-12-29,1,weekly|yearly
VEG000057,Ridge Gourd,65,2,2025-01-06,225.0,0,2025-03-12,375.0,0,100.0,0,225.0,0,2025-01-13,185.0,1,325.0,0,225.0,0,2025-02-05,305.0,0,200.0,0,225.0,0,1,124.4476089477539,33969,2024-11-16,1,247.990267618185,223.48878758042832,173.3111165536708,2306,2025-01-05,1,weekly|yearly
VEG000057,Ridge Gourd,65,2,2025-01-14,280.0,0,2025-03-20,365.0,0,80.0,0,280.0,0,2025-01-21,265.0,0,310.0,0,280.0,0,2025-02-13,280.0,0,240.0,0,280.0,0,1,129.0749969482422,34106,2024-11-24,1,258.9324573542714,211.13108833146111,169.96768389188514,2313,2025-01-12,1,weekly|yearly
VEG000057,Ridge Gourd,65,2,2025-01-21,265.0,0,2025-03-27,275.0,0,90.0,0,265.0,0,2025-01-28,325.0,0,275.0,0,265.0,0,2025-02-20,240.0,0,230.0,0,265.0,0,1,123.05440521240234,34218,2024-12-01,1,239.15903574011384,200.29978565614056,163.99432754793733,2320,2025-01-20,1,weekly|yearly
VEG000057,Ridge Gourd,65,2,2025-01-28,325.0,0,2025-04-03,300.0,0,125.0,0,325.0,0,2025-02-04,290.0,0,200.0,0,325.0,0,2025-02-27,175.0,0,115.0,0,325.0,0,1,124.9545669555664,34343,2024-12-08,1,227.99948334871735,188.22610914287517,184.11773773910167,2327,2025-01-27,1,weekly|yearly
VEG000057,Ridge Gourd,65,2,2025-02-04,290.0,0,2025-04-10,305.0,0,75.0,0,290.0,0,2025-02-11,315.0,0,235.0,0,290.0,0,2025-03-06,230.0,0,110.0,0,290.0,0,1,141.68930053710938,34455,2024-12-15,1,221.9035991562018,180.65632339425153,165.64708441080074,2334,2025-02-03,1,weekly|yearly
VEG000057,Ridge Gourd,65,2,2025-02-11,315.0,0,2025-04-17,200.0,0,70.0,0,315.0,0,2025-02-18,250.0,0,215.0,0,315.0,0,2025-03-13,375.0,1,105.0,0,315.0,0,1,137.13101196289062,34571,2024-12-22,1,213.63858540889063,179.29885017772148,154.94793294909564,2341,2025-02-10,1,weekly|yearly
VEG000057,Ridge Gourd,65,2,2025-02-18,250.0,0,2025-04-24,225.0,0,105.0,0,250.0,0,2025-02-25,195.0,0,165.0,0,250.0,0,2025-03-20,365.0,0,80.0,0,250.0,0,1,137.1422119140625,34686,2024-12-29,1,201.4064579133372,179.6069357704878,178.09132211670115,2347,2025-02-17,1,weekly|yearly
VEG000057,Ridge Gourd,65,2,2025-02-25,195.0,0,2025-05-01,310.0,0,140.0,0,195.0,0,2025-03-04,180.0,0,95.0,0,195.0,0,2025-03-27,275.0,0,90.0,0,195.0,0,1,151.3187255859375,34809,2025-01-05,1,187.60271219013967,173.54876422396077,206.349616609885,2353,2025-02-24,1,weekly|yearly
VEG000057,Ridge Gourd,65,2,2025-03-04,180.0,0,2025-05-08,330.0,0,225.0,0,180.0,1,2025-03-11,315.0,0,110.0,0,180.0,0,2025-04-03,300.0,0,125.0,0,180.0,0,1,193.9094085693359,34926,2025-01-12,1,180.7866802298815,190.9443683871163,228.9762650214923,2360,2025-03-03,1,weekly|yearly
VEG000057,Ridge Gourd,65,2,2025-03-11,315.0,0,2025-05-15,250.0,0,225.0,0,315.0,1,2025-03-18,325.0,0,95.0,0,315.0,0,2025-04-10,305.0,0,75.0,0,315.0,0,1,241.61216735839844,35047,2025-01-19,1,185.47986299930577,171.85537744406008,247.97270585498725,2367,2025-03-10,1,weekly|yearly
VEG000057,Ridge Gourd,65,2,2025-03-18,325.0,0,2025-05-22,200.0,0,185.0,0,325.0,1,2025-03-25,315.0,0,75.0,0,325.0,0,2025-04-17,200.0,0,70.0,0,325.0,0,1,282.9052734375,35169,2025-01-26,1,186.27572151838697,159.18158725191802,263.04130646259216,2373,2025-03-17,1,weekly|yearly
VEG000057,Ridge Gourd,65,2,2025-03-25,315.0,0,2025-05-29,135.0,0,265.0,0,315.0,1,2025-04-01,290.0,0,110.0,0,315.0,0,2025-04-24,225.0,0,105.0,0,315.0,0,1,298.31072998046875,35287,2025-02-02,1,182.8075966458958,188.61839032017537,273.5218755833289,2380,2025-03-24,1,weekly|yearly
VEG000057,Ridge Gourd,65,2,2025-04-01,290.0,0,2025-06-05,150.0,0,300.0,0,290.0,1,2025-04-08,285.0,0,95.0,0,290.0,0,2025-05-01,310.0,0,140.0,0,290.0,0,1,293.2780456542969,35408,2025-02-09,1,182.220341239493,220.0947664450003,272.8851332956802,2387,2025-03-31,1,weekly|yearly
VEG000057,Ridge Gourd,65,3,2025-04-08,285.0,0,2025-06-12,110.0,0,245.0,0,285.0,1,2025-04-15,310.0,3,110.0,4,285.0,0,2025-05-08,330.0,0,225.0,0,285.0,1,1,257.01397705078125,35531,2025-02-16,1,170.8796106768214,246.89621391647736,261.88756497397986,2394,2025-04-07,1,weekly|yearly
VEG000057,Ridge Gourd,65,3,2025-04-16,205.0,0,2025-06-20,65.0,0,265.0,0,205.0,1,2025-04-23,265.0,0,105.0,1,205.0,0,2025-05-16,225.0,0,185.0,0,205.0,1,1,290.7154541015625,35666,2025-02-24,1,192.60214757576935,267.38414064667484,243.78078139525212,2399,2025-04-12,1,weekly|yearly
VEG000057,Ridge Gourd,65,3,2025-04-23,265.0,0,2025-06-27,120.0,0,175.0,0,265.0,1,2025-04-30,325.0,1,125.0,0,265.0,0,2025-05-23,175.0,0,185.0,1,265.0,1,1,266.07122802734375,35785,2025-03-03,1,223.98239161108012,279.14025279775177,232.68819794182167,2406,2025-04-22,1,weekly|yearly
VEG000057,Ridge Gourd,65,3,2025-05-01,310.0,0,2025-07-05,110.0,0,270.0,0,310.0,1,2025-05-08,330.0,0,225.0,0,310.0,1,2025-05-31,140.0,0,280.0,0,310.0,1,1,245.7218780517578,35920,2025-03-11,1,255.09738609066196,284.43820807570773,228.46776505206887,2413,2025-04-29,1,weekly|yearly
VEG000057,Ridge Gourd,65,3,2025-05-08,330.0,1,2025-07-12,110.0,0,275.0,0,330.0,1,2025-05-15,250.0,0,225.0,0,330.0,1,2025-06-07,150.0,1,325.0,0,330.0,1,1,246.5092315673828,36039,2025-03-18,1,273.6182480353698,281.1976499594998,229.01394091952253,2419,2025-05-07,1,weekly|yearly
VEG000057,Ridge Gourd,65,3,2025-05-15,250.0,1,2025-07-19,95.0,0,175.0,0,250.0,1,2025-05-22,200.0,0,185.0,0,250.0,1,2025-06-14,65.0,0,245.0,0,250.0,1,1,226.2649383544922,36161,2025-03-25,1,282.36316747063904,266.68118809510446,224.23760568189837,2424,2025-05-14,1,weekly|yearly
VEG000057,Ridge Gourd,65,3,2025-05-22,200.0,1,2025-07-26,155.0,0,235.0,0,200.0,1,2025-05-29,135.0,0,265.0,0,200.0,1,2025-06-21,90.0,0,265.0,1,200.0,1,1,203.95220947265625,36280,2025-04-01,1,283.971969012508,246.15371271593787,214.6852130528069,2431,2025-05-21,1,weekly|yearly
VEG000057,Ridge Gourd,65,3,2025-05-29,135.0,1,2025-08-02,95.0,0,180.0,0,135.0,1,2025-06-05,150.0,0,300.0,0,135.0,1,2025-06-28,110.0,0,185.0,0,135.0,1,1,186.0469207763672,36400,2025-04-08,1,275.98514162509684,229.74872412678943,207.41684228443515,2438,2025-05-28,1,weekly|yearly
VEG000057,Ridge Gourd,65,3,2025-06-05,150.0,1,2025-08-09,110.0,0,155.0,0,150.0,1,2025-06-12,110.0,0,245.0,0,150.0,1,2025-07-05,110.0,0,270.0,0,150.0,1,1,208.1289978027344,36515,2025-05-07,1,259.1864153064114,221.6943083140752,206.61597257723872,2445,2025-06-04,1,weekly|yearly
VEG000057,Ridge Gourd,65,3,2025-06-12,110.0,1,2025-08-16,115.0,0,135.0,0,110.0,1,2025-06-19,55.0,0,215.0,0,110.0,1,2025-07-12,110.0,0,275.0,0,110.0,1,1,204.51756286621097,36634,2025-05-14,1,241.313798987582,217.84193771730924,209.14699838603843,2449,2025-06-09,1,weekly|yearly
VEG000057,Ridge Gourd,65,3,2025-06-19,55.0,1,2025-08-23,110.0,0,115.0,0,55.0,1,2025-06-26,110.0,0,175.0,0,55.0,1,2025-07-19,95.0,0,175.0,0,55.0,1,1,200.1729278564453,36747,2025-05-21,1,220.03496815872637,208.430837044272,205.35189025534748,2456,2025-06-18,1,weekly|yearly
VEG000057,Ridge Gourd,65,3,2025-06-26,110.0,1,2025-08-30,170.0,0,140.0,0,110.0,1,2025-07-03,80.0,0,255.0,0,110.0,1,2025-07-26,155.0,0,235.0,0,110.0,1,1,180.10804748535156,36860,2025-05-28,1,210.2596284249068,197.2471890653016,200.66010446456968,2463,2025-06-25,1,weekly|yearly
VEG000057,Ridge Gourd,65,3,2025-07-03,80.0,1,2025-09-06,175.0,0,185.0,0,80.0,1,2025-07-10,95.0,1,260.0,0,80.0,1,2025-08-02,95.0,0,180.0,0,80.0,1,1,170.41741943359375,36960,2025-06-04,1,207.9105727907123,192.0843538796803,202.8406621433529,2469,2025-07-02,1,weekly|yearly
VEG000057,Ridge Gourd,65,3,2025-07-11,135.0,1,2025-09-14,190.0,0,190.0,0,135.0,1,2025-07-18,90.0,0,200.0,0,135.0,1,2025-08-10,165.0,0,145.0,0,135.0,1,1,166.2159423828125,37083,2025-06-12,1,198.6293336944563,190.39771042177352,208.69688559883105,2476,2025-07-09,1,weekly|yearly
VEG000057,Ridge Gourd,65,3,2025-07-18,90.0,1,2025-09-21,220.0,0,265.0,1,90.0,1,2025-07-25,90.0,0,225.0,0,90.0,1,2025-08-17,145.0,0,155.0,0,90.0,1,1,146.5894317626953,37180,2025-06-19,1,185.41214066466503,189.70157323033217,210.81576201530535,2483,2025-07-17,1,weekly|yearly
VEG000057,Ridge Gourd,65,3,2025-07-25,90.0,1,2025-09-28,165.0,0,215.0,0,90.0,1,2025-08-01,170.0,0,170.0,0,90.0,1,2025-08-24,115.0,0,135.0,0,90.0,1,1,141.42860412597656,37290,2025-06-26,1,179.13386130337724,186.2525576698412,203.8773986409297,2489,2025-07-23,1,weekly|yearly
VEG000057,Ridge Gourd,65,3,2025-08-01,170.0,1,2025-10-05,75.0,0,160.0,0,170.0,1,2025-08-08,110.0,1,130.0,0,170.0,1,2025-08-31,205.0,0,140.0,0,170.0,1,1,180.795654296875,37396,2025-07-03,1,178.8848276373115,181.8761915226806,189.43689991274775,2496,2025-07-31,1,weekly|yearly
VEG000057,Ridge Gourd,65,3,2025-08-09,110.0,1,2025-10-13,105.0,0,125.0,0,110.0,1,2025-08-16,115.0,0,135.0,0,110.0,1,2025-09-08,190.0,0,170.0,0,110.0,1,1,142.2282257080078,37530,2025-07-11,1,185.0972837065529,189.27801375659075,184.67265483251995,2503,2025-08-07,1,weekly|yearly
VEG000057,Ridge Gourd,65,3,2025-08-16,115.0,1,2025-10-20,67.5,0,115.0,0,115.0,1,2025-08-23,110.0,0,115.0,0,115.0,1,2025-09-15,175.0,0,180.0,0,115.0,1,1,139.359130859375,37632,2025-07-18,1,181.25916084394711,197.5721739899788,190.42979177038407,2510,2025-08-15,1,weekly|yearly
VEG000057,Ridge Gourd,65,3,2025-08-23,110.0,1,2025-10-27,135.0,0,145.0,0,110.0,1,2025-08-30,170.0,0,140.0,0,110.0,1,2025-09-22,190.0,0,265.0,2,110.0,1,1,165.18846130371094,37750,2025-07-25,1,177.23553782745546,200.60042010594444,203.40399652566,2517,2025-08-22,1,weekly|yearly
VEG000057,Ridge Gourd,65,3,2025-08-30,170.0,1,2025-11-03,265.0,0,160.0,0,170.0,1,2025-09-06,175.0,0,185.0,0,170.0,1,2025-09-29,110.0,0,190.0,0,170.0,1,1,187.05848693847656,37857,2025-08-01,1,180.61801304678735,193.26548015991895,215.46130978676203,2524,2025-08-29,1,weekly|yearly
VEG000057,Ridge Gourd,65,3,2025-09-06,175.0,1,2025-11-10,265.0,0,175.0,0,175.0,1,2025-09-13,210.0,0,185.0,0,175.0,1,2025-10-06,75.0,1,135.0,0,175.0,1,1,201.46873474121097,37978,2025-08-07,1,192.59558400464852,182.98338926085967,226.1749013616393,2531,2025-09-05,1,weekly|yearly
VEG000057,Ridge Gourd,65,3,2025-09-13,210.0,1,2025-11-17,265.0,0,200.0,0,210.0,1,2025-09-20,210.0,0,265.0,0,210.0,1,2025-10-13,105.0,0,125.0,0,210.0,1,1,202.7820281982422,38097,2025-08-15,1,199.4374699302998,179.0957249247751,237.0907425486928,2537,2025-09-12,1,weekly|yearly
VEG000057,Ridge Gourd,65,3,2025-09-20,210.0,1,2025-11-24,190.0,0,255.0,0,210.0,1,2025-09-27,145.0,0,235.0,0,210.0,1,2025-10-20,67.5,0,115.0,0,210.0,1,1,205.0631561279297,38214,2025-08-22,1,196.83062635029827,188.08334967091164,251.30888693484476,2544,2025-09-19,1,weekly|yearly
VEG000057,Ridge Gourd,65,3,2025-09-27,145.0,1,2025-12-01,345.0,0,260.0,0,145.0,1,2025-10-04,145.0,0,140.0,0,145.0,1,2025-10-27,135.0,0,145.0,0,145.0,1,1,224.0540008544922,38330,2025-08-29,1,184.67882224789167,202.18929946810505,260.40485669442864,2551,2025-09-26,1,weekly|yearly
VEG000057,Ridge Gourd,65,3,2025-10-04,145.0,1,2025-12-08,365.0,0,335.0,0,145.0,1,2025-10-11,115.0,0,110.0,0,145.0,1,2025-11-03,265.0,0,160.0,0,145.0,1,1,183.18812561035156,38450,2025-09-05,1,174.50550797625152,212.62371287843007,256.9009187839337,2558,2025-10-03,1,weekly|yearly
VEG000057,Ridge Gourd,65,3,2025-10-11,115.0,1,2025-12-15,475.0,1,300.0,0,115.0,1,2025-10-18,90.0,0,130.0,0,115.0,1,2025-11-10,265.0,0,175.0,0,115.0,1,1,166.20669555664062,38572,2025-09-12,1,178.36196783469236,220.38632286575955,256.84880872447917,2564,2025-10-10,1,weekly|yearly
VEG000057,Ridge Gourd,65,3,2025-10-18,90.0,1,2025-12-22,415.0,0,225.0,0,90.0,1,2025-10-25,115.0,0,130.0,0,90.0,1,2025-11-17,265.0,0,200.0,0,90.0,1,1,151.5594024658203,38693,2025-09-19,1,189.5875102096608,227.7406113995172,234.7336725856165,2571,2025-10-17,1,weekly|yearly
VEG000057,Ridge Gourd,65,3,2025-10-25,115.0,1,2025-12-29,410.0,0,215.0,0,115.0,1,2025-11-01,215.0,3,150.0,0,115.0,1,2025-11-24,190.0,0,255.0,0,115.0,1,1,137.26136779785156,38812,2025-09-26,1,200.45850917508105,238.2444573953086,236.15307778510535,2578,2025-10-24,1,weekly|yearly
VEG000057,Ridge Gourd,65,3,2025-11-03,265.0,1,2026-01-07,395.0,0,205.0,0,265.0,1,2025-11-10,265.0,0,175.0,0,265.0,1,2025-12-03,340.0,0,285.0,0,265.0,1,1,202.4652099609375,39333,2025-10-05,1,213.91573257082737,247.48244770900425,228.75654618544104,2583,2025-10-29,1,weekly|yearly
VEG000057,Ridge Gourd,65,3,2025-11-10,265.0,1,2026-01-14,425.0,0,280.0,0,265.0,1,2025-11-17,265.0,0,200.0,0,265.0,1,2025-12-10,390.0,0,310.0,0,265.0,1,1,204.8005828857422,39461,2025-10-12,1,229.20407349797267,247.5737670554604,260.2690219480489,2589,2025-11-09,1,weekly|yearly
VEG000057,Ridge Gourd,65,3,2025-11-17,265.0,1,2026-01-21,390.0,0,265.0,0,265.0,1,2025-11-24,190.0,0,255.0,0,265.0,1,2025-12-17,475.0,0,225.0,0,265.0,1,1,193.66976928710935,39585,2025-10-19,1,242.1968460393624,248.65636816047055,254.8173989654808,2595,2025-11-15,1,weekly|yearly
VEG000057,Ridge Gourd,65,3,2025-11-24,190.0,1,2026-01-28,260.0,0,325.0,0,190.0,1,2025-12-01,345.0,0,260.0,0,190.0,1,2025-12-24,475.0,0,200.0,0,190.0,1,1,208.17578125,39714,2025-10-26,1,254.32112568851812,233.41990504770507,249.2072582516706,2602,2025-11-23,1,weekly|yearly
VEG000057,Ridge Gourd,65,3,2025-12-01,345.0,1,2026-02-04,190.0,0,290.0,0,345.0,1,2025-12-08,365.0,0,335.0,0,345.0,1,2025-12-31,425.0,0,190.0,0,345.0,1,1,146.2624053955078,39839,2025-10-29,1,255.91123100903584,226.00963430933743,240.37305658343013,2609,2025-11-30,1,weekly|yearly
VEG000057,Ridge Gourd,65,3,2025-12-08,365.0,1,2026-02-11,140.0,0,315.0,0,365.0,1,2025-12-15,475.0,1,300.0,0,365.0,1,2026-01-07,395.0,0,205.0,0,365.0,1,1,172.94175720214844,39970,2025-11-09,1,260.83440171297525,239.26361698388968,229.38513676096412,2615,2025-12-07,1,weekly|yearly
VEG000057,Ridge Gourd,65,3,2025-12-16,475.0,1,2026-02-19,115.0,0,250.0,1,475.0,1,2025-12-23,455.0,0,205.0,0,475.0,1,2026-01-15,400.0,0,240.0,0,475.0,1,1,152.08714294433594,40114,2025-11-17,1,239.4140664278163,266.9909883140822,212.55751329254568,2622,2025-12-14,1,weekly|yearly
VEG000057,Ridge Gourd,65,3,2025-12-23,455.0,1,2026-02-26,125.0,0,170.0,0,455.0,1,2025-12-30,400.0,0,200.0,0,455.0,1,2026-01-22,390.0,0,300.0,0,455.0,1,1,167.42701721191406,40225,2025-11-24,1,258.78288877276776,273.1974035289695,204.9333941043759,2629,2025-12-22,1,weekly|yearly
VEG000057,Ridge Gourd,65,3,2025-12-30,400.0,1,2026-03-05,110.0,0,215.0,0,400.0,1,2026-01-06,325.0,0,225.0,0,400.0,1,2026-01-29,225.0,0,335.0,0,400.0,1,1,167.31365966796875,40345,2025-11-27,1,253.1392605950786,269.73749474137725,204.7309029477157,2636,2025-12-29,1,weekly|yearly
VEG000057,Ridge Gourd,65,3,2026-01-06,325.0,1,2026-03-12,70.0,0,375.0,0,325.0,1,2026-01-13,375.0,0,185.0,1,325.0,1,2026-02-05,225.0,0,305.0,0,325.0,1,1,163.04151916503906,40453,2025-12-08,1,272.35347862356593,263.59440543993077,215.55104365554095,2642,2026-01-05,1,weekly|yearly
VEG000057,Ridge Gourd,65,3,2026-01-13,375.0,1,2026-03-19,75.0,0,315.0,0,375.0,1,2026-01-20,390.0,0,265.0,0,375.0,1,2026-02-12,165.0,0,315.0,1,375.0,1,1,173.75473022460938,40573,2025-12-14,1,289.1797008232376,252.76156514430005,225.65791836873507,2649,2026-01-12,1,weekly|yearly
VEG000057,Ridge Gourd,65,3,2026-01-20,390.0,1,2026-03-26,125.0,0,300.0,0,390.0,1,2026-01-27,285.0,0,365.0,0,390.0,1,2026-02-19,115.0,0,250.0,1,390.0,1,1,195.63687133789065,40684,2025-12-22,1,286.6336526077855,237.9815093303382,221.77541794302144,2656,2026-01-19,1,weekly|yearly
VEG000057,Ridge Gourd,65,3,2026-01-27,285.0,1,2026-04-02,155.0,0,275.0,0,285.0,1,2026-02-03,205.0,0,285.0,0,285.0,1,2026-02-26,125.0,0,170.0,0,285.0,1,1,200.0498046875,40806,2025-12-29,1,277.4695002061973,224.13230393600577,229.02017587040217,2663,2026-01-26,1,weekly|yearly
VEG000057,Ridge Gourd,65,3,2026-02-03,205.0,1,2026-04-09,155.0,0,275.0,0,205.0,1,2026-02-10,140.0,0,325.0,0,205.0,1,2026-03-05,110.0,0,215.0,0,205.0,1,1,184.1073303222656,40924,2026-01-05,1,260.7659824594559,218.07695642314204,217.76345656769735,2668,2026-02-02,1,weekly|yearly
VEG000057,Ridge Gourd,65,3,2026-02-10,140.0,1,2026-04-16,140.0,0,205.0,0,140.0,1,2026-02-17,125.0,0,265.0,0,140.0,1,2026-03-12,70.0,0,375.0,0,140.0,1,1,149.17269897460938,41030,2026-01-12,1,240.0061227008101,220.05850902286903,188.6955650215496,2675,2026-02-09,1,weekly|yearly
VEG000057,Ridge Gourd,65,3,2026-02-17,125.0,1,2026-04-23,115.0,0,265.0,0,125.0,1,2026-02-24,110.0,0,185.0,0,125.0,1,2026-03-19,75.0,0,315.0,0,125.0,1,1,148.01292419433594,41149,2026-01-19,1,223.29481925780405,224.369731798794,208.0695371655608,2681,2026-02-15,1,weekly|yearly
VEG000057,Ridge Gourd,65,3,2026-02-24,110.0,1,2026-04-30,295.0,0,325.0,1,110.0,1,2026-03-03,125.0,0,175.0,0,110.0,1,2026-03-26,125.0,0,300.0,0,110.0,1,1,136.5633087158203,41261,2026-01-26,1,212.11950591796307,216.69507163613656,237.2790600126304,2688,2026-02-23,1,weekly|yearly
VEG000057,Ridge Gourd,65,3,2026-03-03,125.0,1,2026-05-07,325.0,0,375.0,0,125.0,1,2026-03-10,90.0,0,340.0,0,125.0,1,2026-04-02,155.0,0,275.0,0,125.0,1,1,137.21673583984375,41381,2026-02-02,1,213.8754503617604,219.2047725931219,258.6313951007284,2694,2026-03-01,1,weekly|yearly
VEG000057,Ridge Gourd,65,3,2026-03-10,90.0,1,2026-05-14,395.0,0,275.0,0,90.0,1,2026-03-17,75.0,0,365.0,0,90.0,1,2026-04-09,155.0,0,275.0,0,90.0,1,1,139.07423400878906,41499,2026-02-09,1,217.62380872738197,206.95249489825017,263.2683661396387,2701,2026-03-09,1,weekly|yearly
VEG000057,Ridge Gourd,65,3,2026-03-17,75.0,1,2026-05-21,445.0,0,275.0,0,75.0,1,2026-03-24,115.0,0,345.0,0,75.0,1,2026-04-16,140.0,0,205.0,0,75.0,1,1,138.54217529296875,41621,2026-02-15,1,211.6068629117637,175.0845852060016,258.52879173166264,2708,2026-03-16,1,weekly|yearly
VEG000057,Ridge Gourd,65,3,2026-03-24,115.0,1,2026-05-28,325.0,0,170.0,0,115.0,1,2026-03-31,190.0,0,290.0,0,115.0,1,2026-04-23,115.0,0,265.0,0,115.0,1,1,156.2857208251953,41741,2026-02-23,1,194.9042689504703,193.2671109224299,251.28082825229467,2715,2026-03-23,1,weekly|yearly
VEG000057,Ridge Gourd,65,3,2026-03-31,190.0,1,2026-06-04,275.0,0,145.0,0,190.0,1,2026-04-07,165.0,0,280.0,0,190.0,1,2026-04-30,295.0,0,325.0,1,190.0,1,1,146.8492889404297,41866,2026-03-01,1,200.1035721870245,221.78106729062145,243.20153230607016,2722,2026-03-30,1,weekly|yearly
VEG000057,Ridge Gourd,65,3,2026-04-07,165.0,1,2026-06-11,275.0,0,115.0,2,165.0,1,2026-04-14,105.0,2,310.0,2,165.0,1,2026-05-07,325.0,0,375.0,0,165.0,1,1,149.44448852539062,41986,2026-03-09,1,165.677973394366,243.4970251519605,230.80559929943792,2728,2026-04-06,1,weekly|yearly
VEG000057,Ridge Gourd,65,3,2026-04-16,140.0,1,2026-06-20,215.0,0,65.0,0,140.0,1,2026-04-23,115.0,0,265.0,0,140.0,1,2026-05-16,355.0,0,225.0,0,140.0,1,1,154.32191467285156,42137,2026-03-18,1,187.7830762855733,252.95676427917957,210.91472779458795,2734,2026-04-12,1,weekly|yearly
VEG000057,Ridge Gourd,65,3,2026-04-23,115.0,1,2026-06-27,190.0,0,120.0,0,115.0,1,2026-04-30,295.0,0,325.0,1,115.0,1,2026-05-23,455.0,0,175.0,0,115.0,1,1,157.71006774902344,42255,2026-03-25,1,216.86468297917503,248.22142476161275,196.4241390529274,2741,2026-04-22,1,weekly|yearly
VEG000057,Ridge Gourd,65,3,2026-04-30,295.0,1,2026-07-04,145.0,0,110.0,0,295.0,1,2026-05-07,325.0,0,375.0,0,295.0,1,2026-05-30,210.0,1,140.0,0,295.0,1,1,139.83197021484375,42385,2026-04-01,1,244.97882801773423,246.67354158033865,194.34211355908087,2748,2026-04-29,1,weekly|yearly
